date,unit_sales,onpromotion,unit_sales_log,is_outlier,year,month,day,day_of_week,unit_sales_7d_avg,is_holiday,dcoilwtico,lag_1,lag_6,lag_7,lag_8,lag_14,unit_sales_7d_std
2013-01-22,105237.36506684571,0.0,1.3940668864899421,177,2013,1,22,1,5.275011547903143,0,96.09,106719.19635906309,109561.18571566069,107677.58294267525,107095.90063208662,106891.60411910135,4793.610429920309
2013-01-23,106872.68388266016,0.0,1.3998702676150183,184,2013,1,23,2,5.256535903760915,0,95.06,105237.36506684571,107279.15368206223,109561.18571566069,107677.58294267525,107756.39406091941,4908.878721835675
2013-01-24,104745.29140352934,0.0,1.3894400785596954,169,2013,1,24,3,5.239122957565769,0,95.35,106872.68388266016,106013.94243193022,107279.15368206223,109561.18571566069,103535.54398296213,5167.033134190388
2013-01-25,108329.31521362884,0.0,1.4086749918663475,197,2013,1,25,4,5.255034422845866,0,95.15,104745.29140352934,116428.104946835,106013.94243193022,107279.15368206223,105617.37241141101,5022.77266369128
2013-01-26,114673.06278664211,0.0,1.4424290661124368,214,2013,1,26,5,5.242973603690633,0,95.15,108329.31521362884,116359.63220227687,116428.104946835,106013.94243193022,114102.17157343042,4632.936009782932
2013-01-27,115838.49058146312,0.0,1.44630999450582,216,2013,1,27,6,5.239392268161799,0,95.15,114673.06278664211,106719.19635906309,116359.63220227687,116428.104946835,119653.81799401363,4496.982271888582
2013-01-28,106786.28266105588,0.0,1.4040102544968214,175,2013,1,28,0,5.239853291705552,0,95.95,115838.49058146312,105237.36506684571,106719.19635906309,116359.63220227687,107095.90063208662,4491.587299592828
2013-01-29,105589.5870207784,0.0,1.397864850163353,173,2013,1,29,1,5.2422737949762075,0,97.62,106786.28266105588,106872.68388266016,105237.36506684571,106719.19635906309,107677.58294267525,4445.109491427146
2013-01-30,110841.65442912391,0.0,1.4148248459878972,197,2013,1,30,2,5.269548943732796,0,97.98,105589.5870207784,104745.29140352934,106872.68388266016,105237.36506684571,109561.18571566069,4384.770069260534
2013-01-31,107051.42123605608,0.0,1.412915841447385,177,2013,1,31,3,5.285396890573877,0,97.65,110841.65442912391,108329.31521362884,104745.29140352934,106872.68388266016,107279.15368206223,4037.0305084563006
2013-02-01,114410.59334664003,0.0,1.4480072961023895,203,2013,2,1,4,5.32718802098573,0,97.46,107051.42123605608,114673.06278664211,108329.31521362884,104745.29140352934,106013.94243193022,4295.567649850497
2013-02-02,125110.56260609473,0.0,1.5011564309993752,256,2013,2,2,5,5.398915527373018,0,97.46,114410.59334664003,115838.49058146312,114673.06278664211,108329.31521362884,116428.104946835,6906.028281257853
2013-02-03,123337.74825825599,0.0,1.4916672287931636,234,2013,2,3,6,5.450451150100367,0,97.46,125110.56260609473,106786.28266105588,115838.49058146312,114673.06278664211,116359.63220227687,8046.181986376862
2013-02-04,110557.28347557112,0.0,1.4304031848463028,183,2013,2,4,0,5.476365831747164,0,96.21,123337.74825825599,105589.5870207784,106786.28266105588,115838.49058146312,106719.19635906309,7653.7436302341475
2013-02-05,109055.62715731417,0.0,1.4224776935442478,182,2013,2,5,1,5.5001847941742215,0,96.68,110557.28347557112,110841.65442912391,105589.5870207784,106786.28266105588,105237.36506684571,7124.661233510345
2013-02-06,110728.83869564018,0.0,1.4246246627738222,192,2013,2,6,2,5.499409513562579,0,96.44,109055.62715731417,107051.42123605608,110841.65442912391,105589.5870207784,106872.68388266016,7134.009451946676
2013-02-07,109033.61514328796,0.0,1.4189271860056591,192,2013,2,7,3,5.513031341452515,0,95.84,110728.83869564018,114410.59334664003,107051.42123605608,110841.65442912391,104745.29140352934,6830.202966376664
2013-02-08,114818.91541287114,0.0,1.4402742430923552,226,2013,2,8,4,5.515837370110745,0,95.71,109033.61514328796,125110.56260609473,114410.59334664003,107051.42123605608,108329.31521362884,6830.010595604454
2013-02-09,121949.28545563588,0.0,1.4815962636592057,241,2013,2,9,5,5.494112768345587,0,95.71,114818.91541287114,123337.74825825599,125110.56260609473,114410.59334664003,114673.06278664211,6088.328026445436
2013-02-10,111851.77305400233,0.0,1.4329172077732493,194,2013,2,10,6,5.415180037894959,0,95.71,121949.28545563588,110557.28347557112,123337.74825825599,125110.56260609473,115838.49058146312,4579.705215329035
2013-02-11,105462.33503634088,0.0,1.4032304572533942,173,2013,2,11,0,5.38016706035826,1,97.01,111851.77305400233,109055.62715731417,110557.28347557112,123337.74825825599,106786.28266105588,5301.092443961248
2013-02-12,107930.68897410273,0.0,1.4163094337540627,187,2013,2,12,1,5.372436376562585,1,97.48,105462.33503634088,110728.83869564018,109055.62715731417,110557.28347557112,105589.5870207784,5415.4906982712155
2013-02-13,113565.44318414868,0.0,1.4417995564338097,206,2013,2,13,2,5.391929796451178,0,97.03,107930.68897410273,109033.61514328796,110728.83869564018,109055.62715731417,110841.65442912391,5438.3426882636695
2013-02-14,110030.92706659058,0.0,1.4233884355526205,186,2013,2,14,3,5.398783420267821,0,97.3,113565.44318414868,114818.91541287114,109033.61514328796,110728.83869564018,107051.42123605608,5357.467420511797
2013-02-15,113807.17872059741,0.0,1.443835606410316,205,2013,2,15,4,5.391830668046253,0,95.95,110030.92706659058,121949.28545563588,114818.91541287114,109033.61514328796,114410.59334664003,5289.192437935192
2013-02-16,126630.27225101074,0.0,1.4980204569632445,263,2013,2,16,5,5.423998861202846,0,95.95,113807.17872059741,111851.77305400233,121949.28545563588,114818.91541287114,125110.56260609473,6818.8513676636
2013-02-17,115306.11568082514,0.0,1.4530380501500402,205,2013,2,17,6,5.447737437213888,0,95.95,126630.27225101074,105462.33503634088,111851.77305400233,121949.28545563588,123337.74825825599,6867.489038754491
2013-02-18,114225.15387971076,0.0,1.4475258034725063,201,2013,2,18,0,5.507956374261154,0,95.95,115306.11568082514,107930.68897410273,105462.33503634088,111851.77305400233,110557.28347557112,5949.099696961906
2013-02-19,110613.22289143993,0.0,1.4295437810426976,186,2013,2,19,1,5.526391006310806,0,96.69,114225.15387971076,113565.44318414868,107930.68897410273,105462.33503634088,109055.62715731417,5526.860899309783
2013-02-20,114578.0896015598,0.0,1.4438927027180897,210,2013,2,20,2,5.533350010251342,0,94.92,110613.22289143993,110030.92706659058,113565.44318414868,107930.68897410273,110728.83869564018,5499.8249482086885
2013-02-21,108444.63524126695,0.0,1.4197814041735732,188,2013,2,21,3,5.522448859688355,0,92.79,114578.0896015598,113807.17872059741,110030.92706659058,113565.44318414868,109033.61514328796,5766.232762894311
2013-02-22,110278.89600614282,0.0,1.4250169723745396,191,2013,2,22,4,5.49820216025699,0,93.12,108444.63524126695,126630.27225101074,113807.17872059741,110030.92706659058,114818.91541287114,6016.33384888903
2013-02-23,119691.81957929094,0.0,1.4736048798793748,222,2013,2,23,5,5.450520443664177,0,93.12,110278.89600614282,115306.11568082514,126630.27225101074,113807.17872059741,121949.28545563588,3814.2164408372096
2013-02-24,119167.47579296671,0.0,1.4702574217432138,224,2013,2,24,6,5.477056083127477,0,93.12,119691.81957929094,114225.15387971076,115306.11568082514,126630.27225101074,111851.77305400233,4387.869463140601
2013-02-25,111713.26542739499,0.0,1.4322407420804166,200,2013,2,25,0,5.459794143187431,0,92.74,119167.47579296671,110613.22289143993,114225.15387971076,115306.11568082514,105462.33503634088,4454.946546297652
2013-02-26,108846.42753733213,0.0,1.4206105786328032,177,2013,2,26,1,5.44765255494897,0,92.63,111713.26542739499,114578.0896015598,110613.22289143993,114225.15387971076,107930.68897410273,4689.514026470775
2013-02-27,111343.89138111159,0.0,1.429671291541509,199,2013,2,27,2,5.425426832551102,0,92.84,108846.42753733213,108444.63524126695,114578.0896015598,110613.22289143993,113565.44318414868,4695.693576139916
2013-02-28,112047.2126672481,0.0,1.440196575886388,185,2013,2,28,3,5.450184092412431,0,92.03,111343.89138111159,110278.89600614282,108444.63524126695,114578.0896015598,110030.92706659058,4323.531601381463
2013-03-01,120323.90963737265,0.0,1.4769281997831933,231,2013,3,1,4,5.519214395823944,0,90.71,112047.2126672481,119691.81957929094,110278.89600614282,108444.63524126695,113807.17872059741,4795.532287779269
2013-03-02,125636.25520983082,0.0,1.5077434173909143,246,2013,3,2,5,5.560065131348147,1,90.71,120323.90963737265,119167.47579296671,119691.81957929094,110278.89600614282,126630.27225101074,6153.870305595077
2013-03-03,130046.28380193753,0.0,1.5229235849181322,252,2013,3,3,6,5.6348253502173495,0,90.71,125636.25520983082,111713.26542739499,119167.47579296671,119691.81957929094,115306.11568082514,8232.657236413213
2013-03-04,117349.00760946465,0.0,1.4659449483575997,208,2013,3,4,0,5.673554714562642,0,90.13,130046.28380193753,108846.42753733213,111713.26542739499,119167.47579296671,114225.15387971076,7881.977082877124
2013-03-05,115058.60707143779,0.0,1.4538264603655953,204,2013,3,5,1,5.716245412039934,0,90.88,117349.00760946465,111343.89138111159,108846.42753733213,111713.26542739499,110613.22289143993,6986.01775349434
2013-03-06,114437.00519878011,0.0,1.4479641603073634,206,2013,3,6,2,5.737501588801724,0,90.47,115058.60707143779,112047.2126672481,111343.89138111159,108846.42753733213,114578.0896015598,6515.6318633148985
2013-03-07,110362.53570574531,0.0,1.4328433743077116,188,2013,3,7,3,5.72592432608489,0,91.53,114437.00519878011,120323.90963737265,112047.2126672481,111343.89138111159,108444.63524126695,6849.495756896036
2013-03-08,113750.88151288031,0.0,1.4437573194179945,207,2013,3,8,4,5.680753842258422,0,92.01,110362.53570574531,125636.25520983082,120323.90963737265,112047.2126672481,110278.89600614282,7088.99512810006
2013-03-09,121214.95224588964,0.0,1.4849016966395587,232,2013,3,9,5,5.650370221461113,0,92.01,113750.88151288031,130046.28380193753,125636.25520983082,120323.90963737265,119691.81957929094,6475.122527442574
2013-03-10,120215.52958714499,0.0,1.4836114556578825,227,2013,3,10,6,5.582812329443792,0,92.01,121214.95224588964,117349.00760946465,130046.28380193753,125636.25520983082,119167.47579296671,3806.428451506949
2013-03-11,112945.08806181782,0.0,1.4420514795878445,200,2013,3,11,0,5.552548169161439,0,92.07,120215.52958714499,115058.60707143779,117349.00760946465,130046.28380193753,111713.26542739499,3919.274289477622
2013-03-12,107305.76982933964,0.0,1.413051580896832,180,2013,3,12,1,5.4992699231809405,0,92.44,112945.08806181782,114437.00519878011,115058.60707143779,117349.00760946465,108846.42753733213,4989.765247072655
2013-03-13,114067.18494938464,0.0,1.443135776104875,206,2013,3,13,2,5.49672848272494,0,92.47,107305.76982933964,110362.53570574531,114437.00519878011,115058.60707143779,111343.89138111159,4990.263185730317
2013-03-14,107929.16050654865,0.0,1.4193507427888006,178,2013,3,14,3,5.480006093439936,0,93.03,114067.18494938464,113750.88151288031,110362.53570574531,114437.00519878011,112047.2126672481,5377.250206875564
2013-03-15,118886.41304261755,0.0,1.4731230396595285,229,2013,3,15,4,5.5152979618924585,0,93.49,107929.16050654865,121214.95224588964,113750.88151288031,110362.53570574531,120323.90963737265,5691.729131616316
2013-03-16,129525.42810479202,0.0,1.5290895629363455,256,2013,3,16,5,5.572408354281627,0,93.49,118886.41304261755,120215.52958714499,121214.95224588964,113750.88151288031,125636.25520983082,7774.474089719474
2013-03-17,126381.9181240392,0.0,1.515141078831026,252,2013,3,17,6,5.614784371605456,0,93.49,129525.42810479202,112945.08806181782,120215.52958714499,121214.95224588964,130046.28380193753,8652.73533495885
2013-03-18,116409.57749102949,0.0,1.464332850320697,209,2013,3,18,0,5.6385926774220785,0,93.71,126381.9181240392,107305.76982933964,112945.08806181782,120215.52958714499,117349.00760946465,8498.526854991078
2013-03-19,112241.76509429347,0.0,1.4448409951340468,192,2013,3,19,1,5.672513313399936,0,92.44,116409.57749102949,114067.18494938464,107305.76982933964,112945.08806181782,115058.60707143779,7707.2342542712395
2013-03-20,119133.70643959733,0.0,1.4634111097233093,216,2013,3,20,2,5.70733093819867,0,93.21,112241.76509429347,107929.16050654865,114067.18494938464,107305.76982933964,114437.00519878011,7520.732146108109
2013-03-21,109339.92716543935,0.0,1.4274295640965653,190,2013,3,21,3,5.717025862872869,0,92.46,119133.70643959733,118886.41304261755,107929.16050654865,114067.18494938464,110362.53570574531,7197.709674756704
2013-03-22,113640.61597413912,0.0,1.4455498054180769,205,2013,3,22,4,5.6809762389931695,0,93.41,109339.92716543935,129525.42810479202,118886.41304261755,107929.16050654865,113750.88151288031,7461.014743338077
2013-03-23,119918.97436097317,0.0,1.4805809170134587,230,2013,3,23,5,5.614959761466169,0,93.41,113640.61597413912,126381.9181240392,129525.42810479202,118886.41304261755,121214.95224588964,5679.069882707054
2013-03-24,121203.03377825473,0.0,1.4852502297113173,241,2013,3,24,6,5.579369968276524,0,93.41,119918.97436097317,116409.57749102949,126381.9181240392,129525.42810479202,120215.52958714499,4405.745836345589
2013-03-25,113966.73629784516,0.0,1.4496323580775332,207,2013,3,25,0,5.562582527766997,0,94.55,121203.03377825473,112241.76509429347,116409.57749102949,126381.9181240392,112945.08806181782,4462.791349288606
2013-03-26,113041.81352709835,0.0,1.4405292570336252,212,2013,3,26,1,5.568080537833277,0,95.99,113966.73629784516,119133.70643959733,112241.76509429347,116409.57749102949,107305.76982933964,4370.702234639721
2013-03-27,113950.36880598123,0.0,1.4429475961612914,214,2013,3,27,2,5.532460141219736,0,96.53,113041.81352709835,109339.92716543935,119133.70643959733,112241.76509429347,114067.18494938464,4134.440716546955
2013-03-28,117038.81004674357,0.0,1.460863187018829,228,2013,3,28,3,5.585367607624146,0,97.24,113950.36880598123,113640.61597413912,109339.92716543935,119133.70643959733,107929.16050654865,3318.6133009443256
2013-03-29,117483.95346029034,0.0,1.4663970389874477,230,2013,3,29,4,5.611779393861751,0,97.24,117038.81004674357,119918.97436097317,113640.61597413912,109339.92716543935,118886.41304261755,3156.1968696703157
2013-03-30,117090.7638811099,0.0,1.4720887338095445,210,2013,3,30,5,5.592343658410919,0,97.24,117483.95346029034,121203.03377825473,119918.97436097317,113640.61597413912,129525.42810479202,2833.674128688116
2013-03-31,119335.17920221781,0.0,1.4792532880477514,231,2013,3,31,6,5.579507581443184,0,97.24,117090.7638811099,113966.73629784516,121203.03377825473,119918.97436097317,126381.9181240392,2333.7819038691387
2013-04-01,120778.55721113188,0.0,1.4820043174755309,246,2013,4,1,0,5.626319072367115,1,97.1,119335.17920221781,113041.81352709835,113966.73629784516,121203.03377825473,116409.57749102949,2736.5050087829654
2013-04-02,118356.8212525402,0.0,1.4692634857674685,227,2013,4,2,1,5.6628443185630095,0,97.23,120778.55721113188,113950.36880598123,113041.81352709835,113966.73629784516,112241.76509429347,2140.6738867330823
2013-04-03,117661.91901472479,0.0,1.4622201022534906,228,2013,4,3,2,5.688350449907629,0,95.02,118356.8212525402,117038.81004674357,113950.36880598123,113041.81352709835,119133.70643959733,1373.9298865094709
2013-04-04,112495.99245049167,0.0,1.4430550105786335,201,2013,4,4,3,5.6571317688261535,0,93.26,117661.91901472479,117483.95346029034,117038.81004674357,113950.36880598123,109339.92716543935,2582.4524848808583
2013-04-05,113939.10701781859,0.0,1.4446602722293436,215,2013,4,5,4,5.632771241856805,0,92.76,112495.99245049167,117090.7638811099,117483.95346029034,117038.81004674357,113640.61597413912,2932.8918945869905
2013-04-06,123024.52056009574,0.0,1.4884172379557599,249,2013,4,6,5,5.673548590594991,0,92.76,113939.10701781859,119335.17920221781,117090.7638811099,117483.95346029034,119918.97436097317,3691.243970844426
2013-04-07,123928.30170258282,0.0,1.496702663407429,262,2013,4,7,6,5.705112971833927,0,92.76,123024.52056009574,120778.55721113188,119335.17920221781,117090.7638811099,121203.03377825473,4332.7286422900315
2013-04-08,115277.50877239216,0.0,1.4549462961124533,213,2013,4,8,0,5.667309235896025,0,93.36,123928.30170258282,118356.8212525402,120778.55721113188,119335.17920221781,113966.73629784516,4370.006744890007
2013-04-09,113068.42302131679,0.0,1.4388937357840255,210,2013,4,9,1,5.630966852713258,0,94.18,115277.50877239216,117661.91901472479,118356.8212525402,120778.55721113188,113041.81352709835,4704.455266170612
2013-04-10,113536.9112069772,0.0,1.4394096107025467,210,2013,4,10,2,5.602619400833413,0,94.59,113068.42302131679,112495.99245049167,117661.91901472479,118356.8212525402,113950.36880598123,4871.37690376728
2013-04-11,112019.5804379778,0.0,1.437852594536546,202,2013,4,11,3,5.5993454514909775,0,93.44,113536.9112069772,113939.10701781859,112495.99245049167,117661.91901472479,117038.81004674357,4938.96638287549
2013-04-12,114364.46289285243,0.0,1.4488497279769825,216,2013,4,12,4,5.602268538127731,1,91.23,112019.5804379778,123024.52056009574,113939.10701781859,112495.99245049167,117483.95346029034,4906.162623755358
2013-04-13,124018.27514438325,0.0,1.4993057084543302,246,2013,4,13,5,5.6090977155672395,0,91.23,114364.46289285243,123928.30170258282,123024.52056009574,113939.10701781859,117090.7638811099,5136.73352022729
2013-04-14,124669.56123127963,0.0,1.4975215962024935,258,2013,4,14,6,5.614191722609055,1,91.23,124018.27514438325,115277.50877239216,123928.30170258282,123024.52056009574,119335.17920221781,5317.4030899226855
2013-04-15,117131.95359421789,0.0,1.4593898956658116,231,2013,4,15,0,5.626935646451283,0,88.75,124669.56123127963,113068.42302131679,115277.50877239216,123928.30170258282,120778.55721113188,5280.332710241706
2013-04-16,117175.85933314302,0.0,1.4638747172511481,214,2013,4,16,1,5.655162345314819,0,88.73,117131.95359421789,113536.9112069772,113068.42302131679,115277.50877239216,118356.8212525402,4994.645710400659
2013-04-17,118584.20258639095,0.0,1.4676984693397195,226,2013,4,17,2,5.689847818935683,0,86.65,117175.85933314302,112019.5804379778,113536.9112069772,113068.42302131679,117661.91901472479,4670.9787072050485
2013-04-18,112781.0163984699,0.0,1.4399136281392462,204,2013,4,18,3,5.695080480364613,0,87.83,118584.20258639095,114364.46289285243,112019.5804379778,113536.9112069772,112495.99245049167,4506.856743713119
2013-04-19,117880.41484358949,0.0,1.4571572212456065,229,2013,4,19,4,5.71924244159731,0,88.04,112781.0163984699,124018.27514438325,114364.46289285243,112019.5804379778,113939.10701781859,4166.612854510349
2013-04-20,126138.25221735645,0.0,1.503435670418786,269,2013,4,20,5,5.733811128703698,0,88.04,117880.41484358949,124669.56123127963,124018.27514438325,114364.46289285243,123024.52056009574,4650.3235154560925
2013-04-21,124890.38744415918,0.0,1.5012431743882242,254,2013,4,21,6,5.735328667756995,1,88.04,126138.25221735645,117131.95359421789,124669.56123127963,124018.27514438325,123928.30170258282,4694.197480108616
2013-04-22,115679.31749584222,0.0,1.4547622477240252,225,2013,4,22,0,5.725346012252612,0,88.81,124890.38744415918,117175.85933314302,117131.95359421789,124669.56123127963,115277.50877239216,4832.277792138296
2013-04-23,113328.37824830643,0.0,1.4400266498232235,223,2013,4,23,1,5.6989057508048235,0,89.21,115679.31749584222,118584.20258639095,117175.85933314302,117131.95359421789,113068.42302131679,5275.301384299632
2013-04-24,113788.01429873946,0.0,1.4380474258091684,226,2013,4,24,2,5.665945881871844,0,91.07,113328.37824830643,112781.0163984699,118584.20258639095,117175.85933314302,113536.9112069772,5561.528087609815
2013-04-25,111314.74471437845,0.0,1.4321975851313795,201,2013,4,25,3,5.6558695213060535,0,93.27,113788.01429873946,117880.41484358949,112781.0163984699,118584.20258639095,112019.5804379778,5803.690224291834
2013-04-26,115272.1460069964,0.0,1.4444207098864252,232,2013,4,26,4,5.637945246060767,0,92.63,111314.74471437845,126138.25221735645,117880.41484358949,112781.0163984699,114364.46289285243,5864.168329500153
2013-04-27,124131.27955477181,0.0,1.4877222409691933,273,2013,4,27,5,5.624153136171926,0,92.63,115272.1460069964,124890.38744415918,126138.25221735645,117880.41484358949,124018.27514438325,5383.804886627071
2013-04-28,123989.3084507434,0.0,1.4910819690156802,267,2013,4,28,6,5.6179608343397165,0,92.63,124131.27955477181,115679.31749584222,124890.38744415918,126138.25221735645,124669.56123127963,5167.768459285909
2013-04-29,116154.597747637,0.0,1.4533050143099244,234,2013,4,29,0,5.621227006113231,1,94.09,123989.3084507434,113328.37824830643,115679.31749584222,124890.38744415918,117131.95359421789,5153.905899340547
2013-04-30,116298.56395130376,0.0,1.4547081671961908,230,2013,4,30,1,5.641638409003617,0,93.22,116154.597747637,113788.01429873946,113328.37824830643,115679.31749584222,117175.85933314302,4932.78644043971
2013-05-01,135014.09211720922,0.0,1.5323935821510335,311,2013,5,1,2,5.787506064920971,1,90.74,116298.56395130376,111314.74471437845,113788.01429873946,113328.37824830643,118584.20258639095,8000.035285997935
2013-05-02,118421.15808794947,0.0,1.4686422998384554,238,2013,5,2,3,5.836342023671699,0,93.7,135014.09211720922,115272.1460069964,111314.74471437845,113788.01429873946,112781.0163984699,7064.375888584584
2013-05-03,120239.51439614232,0.0,1.4728651824889494,257,2013,5,3,4,5.870478258787742,0,95.25,118421.15808794947,124131.27955477181,115272.1460069964,111314.74471437845,117880.41484358949,6588.373484459631
2013-05-04,131334.91688402268,0.0,1.5223808503883491,291,2013,5,4,5,5.919982349947826,0,95.25,120239.51439614232,123989.3084507434,124131.27955477181,115272.1460069964,126138.25221735645,7473.437688903629
2013-05-05,141384.86379132638,0.0,1.5503579332505877,368,2013,5,5,6,6.03952628560152,0,95.25,131334.91688402268,116154.597747637,123989.3084507434,124131.27955477181,124890.38744415918,10219.76443221162
2013-05-06,121455.12012694056,0.0,1.4755951809460157,252,2013,5,6,0,6.075951987100349,0,95.8,141384.86379132638,116298.56395130376,116154.597747637,123989.3084507434,115679.31749584222,9584.23873184033
2013-05-07,116786.42596622455,0.0,1.4529692036081028,245,2013,5,7,1,6.079304621964699,0,95.28,121455.12012694056,135014.09211720922,116298.56395130376,116154.597747637,113328.37824830643,9500.74064033681
2013-05-08,116879.50857584512,0.0,1.4527415673066872,235,2013,5,8,2,5.954682013170037,0,96.24,116786.42596622455,118421.15808794947,135014.09211720922,116298.56395130376,113788.01429873946,9221.2788623329
2013-05-09,113928.36587420608,0.0,1.4414760006381402,219,2013,5,9,3,5.923807111346571,0,96.09,116879.50857584512,120239.51439614232,118421.15808794947,135014.09211720922,111314.74471437845,9795.399394349204
2013-05-10,113996.83438925614,0.0,1.4492426894076076,211,2013,5,10,4,5.88090681167584,0,95.81,113928.36587420608,131334.91688402268,120239.51439614232,118421.15808794947,115272.1460069964,10371.175446574789
2013-05-11,131323.30553230437,0.0,1.5243422818467471,300,2013,5,11,5,5.88082701734588,1,95.81,113996.83438925614,141384.86379132638,131334.91688402268,120239.51439614232,124131.27955477181,10369.48145033344
2013-05-12,121060.80339513691,0.0,1.478425054668421,243,2013,5,12,6,5.741158112234488,1,95.81,131323.30553230437,121455.12012694056,141384.86379132638,131334.91688402268,123989.3084507434,6075.14207853727
2013-05-13,115272.26153519425,0.0,1.4463240300283726,227,2013,5,13,0,5.698668911103709,0,94.76,121060.80339513691,116786.42596622455,121455.12012694056,141384.86379132638,116154.597747637,6166.370275775293
2013-05-14,111608.88460946384,0.0,1.4371606968055188,208,2013,5,14,1,5.663088347064287,0,93.96,115272.26153519425,116879.50857584512,116786.42596622455,121455.12012694056,116298.56395130376,6689.454296620096
2013-05-15,113181.2574680544,0.0,1.4414461549261866,213,2013,5,15,2,5.637673608425301,0,93.95,111608.88460946384,113928.36587420608,116879.50857584512,116786.42596622455,135014.09211720922,6909.707494114342
2013-05-16,109778.77666371306,0.0,1.432808064315588,192,2013,5,16,3,5.609157230772719,0,94.85,113181.2574680544,113996.83438925614,113928.36587420608,116879.50857584512,118421.15808794947,7397.543562770257
2013-05-17,111668.06964428628,0.0,1.445203198819765,208,2013,5,17,4,5.593153734628173,0,95.72,109778.77666371306,131323.30553230437,113996.83438925614,113928.36587420608,120239.51439614232,7584.2968863869255
2013-05-18,128916.10405020678,0.0,1.5161785605415532,278,2013,5,18,5,5.576611213653863,0,95.72,111668.06964428628,121060.80339513691,131323.30553230437,113996.83438925614,131334.91688402268,6802.276618595468
2013-05-19,135879.14355211175,0.0,1.5361768229558568,332,2013,5,19,6,5.678444277763479,0,95.72,128916.10405020678,115272.26153519425,121060.80339513691,131323.30553230437,141384.86379132638,10148.898988633158
2013-05-20,113581.62661233482,0.0,1.4492254349275042,211,2013,5,20,0,5.666826071361026,0,96.29,135879.14355211175,111608.88460946384,115272.26153519425,121060.80339513691,121455.12012694056,10245.496030539447
2013-05-21,109916.65033812242,0.0,1.4306783775760752,203,2013,5,21,1,5.655196874081404,0,95.55,113581.62661233482,113181.2574680544,111608.88460946384,115272.26153519425,116786.42596622455,10434.206839808556
2013-05-22,109563.67497675003,0.0,1.4247806464719173,196,2013,5,22,2,5.630336497962595,0,93.98,109916.65033812242,109778.77666371306,113181.2574680544,111608.88460946384,116879.50857584512,10771.381739137178
2013-05-23,106751.35608442602,0.0,1.414310295967929,184,2013,5,23,3,5.609531771476938,0,94.12,109563.67497675003,111668.06964428628,109778.77666371306,113181.2574680544,113928.36587420608,11165.260787782661
2013-05-24,118579.18727460649,0.0,1.4760722211389343,242,2013,5,24,4,5.657025639026349,1,93.84,106751.35608442602,128916.10405020678,111668.06964428628,109778.77666371306,113996.83438925614,10958.99073459599
2013-05-25,116420.94920466583,0.0,1.4656126537211278,218,2013,5,25,5,5.571157728655387,0,93.84,118579.18727460649,135879.14355211175,128916.10405020678,111668.06964428628,131323.30553230437,9760.33581386514
2013-05-26,126284.4947254917,0.0,1.4973092584962417,281,2013,5,26,6,5.505222375659016,0,93.84,116420.94920466583,113581.62661233482,135879.14355211175,128916.10405020678,121060.80339513691,6651.319773842026
2013-05-27,111637.18483359588,0.0,1.429756287084053,230,2013,5,27,0,5.491859984040644,0,93.84,126284.4947254917,109916.65033812242,113581.62661233482,135879.14355211175,115272.26153519425,6733.36395161698
2013-05-28,110919.85901366726,0.0,1.4332979455671477,213,2013,5,28,1,5.4987541309079635,0,94.65,111637.18483359588,109563.67497675003,109916.65033812242,113581.62661233482,111608.88460946384,6637.874422636297
2013-05-29,111434.97612814003,0.0,1.4362217945226805,205,2013,5,29,2,5.511613893074254,0,93.13,110919.85901366726,106751.35608442602,109563.67497675003,109916.65033812242,113181.2574680544,6449.977742160079
2013-05-30,111367.52334619549,0.0,1.4452668230547063,197,2013,5,30,3,5.543336640138285,0,93.57,111434.97612814003,118579.18727460649,106751.35608442602,109563.67497675003,109778.77666371306,5710.278312437599
2013-05-31,112099.74020092927,0.0,1.4477246383266864,210,2013,5,31,4,5.498809254327259,0,91.93,111367.52334619549,116420.94920466583,118579.18727460649,106751.35608442602,111668.06964428628,5601.946132467706
2013-06-01,134260.21651366138,0.0,1.540452776613823,301,2013,6,1,5,5.621402421463488,0,91.93,112099.74020092927,126284.4947254917,116420.94920466583,118579.18727460649,128916.10405020678,9455.244834791836
2013-06-02,144822.28995544428,0.0,1.568892484438406,368,2013,6,2,6,5.74879593990787,0,91.93,134260.21651366138,111637.18483359588,126284.4947254917,116420.94920466583,135879.14355211175,14026.584426188821
2013-06-03,118851.95484054259,0.0,1.4755535803874074,230,2013,6,3,0,5.79837653590382,0,93.41,144822.28995544428,110919.85901366726,111637.18483359588,126284.4947254917,113581.62661233482,13610.928515818374
2013-06-04,112125.7591219737,0.0,1.4458722342295682,207,2013,6,4,1,5.806663597864748,0,93.36,118851.95484054259,111434.97612814003,110919.85901366726,111637.18483359588,109916.65033812242,13475.885383810542
2013-06-05,111538.21750830857,0.0,1.439405322192039,194,2013,6,5,2,5.807373082596108,0,93.66,112125.7591219737,111367.52334619549,111434.97612814003,110919.85901366726,109563.67497675003,13464.095137574654
2013-06-06,106967.94209978702,0.0,1.4192618926731226,193,2013,6,6,3,5.777138735538681,0,94.71,111538.21750830857,112099.74020092927,111367.52334619549,111434.97612814003,106751.35608442602,14063.004323762558
2013-06-07,109963.83931225416,0.0,1.4310958817973862,202,2013,6,7,4,5.762460618433517,0,96.11,106967.94209978702,134260.21651366138,112099.74020092927,111367.52334619549,118579.18727460649,14286.787254105237
2013-06-08,119797.71775366469,0.0,1.480782927570168,249,2013,6,8,5,5.6630729307565835,0,96.11,109963.83931225416,144822.28995544428,134260.21651366138,112099.74020092927,116420.94920466583,12815.40080890716
2013-06-09,132039.27252852297,0.0,1.5191297183571635,304,2013,6,9,6,5.575226800936348,0,96.11,119797.71775366469,118851.95484054259,144822.28995544428,134260.21651366138,126284.4947254917,8491.878749172223
2013-06-10,110981.94576000952,0.0,1.434625884566867,209,2013,6,10,0,5.5211433387704485,0,95.82,132039.27252852297,112125.7591219737,118851.95484054259,144822.28995544428,111637.18483359588,8556.31056798997
2013-06-11,106537.98997425176,0.0,1.4114262992756448,191,2013,6,11,1,5.482743649748472,0,95.5,110981.94576000952,111538.21750830857,112125.7591219737,118851.95484054259,110919.85901366726,9088.597752977066
2013-06-12,107596.65351715463,0.0,1.4132446933473308,197,2013,6,12,2,5.45565684148578,0,95.98,106537.98997425176,106967.94209978702,111538.21750830857,112125.7591219737,111434.97612814003,9382.10885431656
2013-06-13,104070.6807236982,0.0,1.3981269579648175,184,2013,6,13,3,5.435746581609966,0,96.66,107596.65351715463,109963.83931225416,106967.94209978702,111538.21750830857,111367.52334619549,9769.682091419596
2013-06-14,111028.81812073736,0.0,1.4391686976868754,205,2013,6,14,4,5.443065218794078,0,97.83,104070.6807236982,119797.71775366469,109963.83931225416,106967.94209978702,112099.74020092927,9722.73118905749
2013-06-15,132362.91929924776,0.0,1.5292947115236488,285,2013,6,15,5,5.529414496849983,0,97.83,111028.81812073736,132039.27252852297,119797.71775366469,109963.83931225416,134260.21651366138,12038.598874773388
2013-06-16,123871.99013913852,0.0,1.4955729195971728,263,2013,6,16,6,5.473288143807126,0,97.83,132362.91929924776,110981.94576000952,132039.27252852297,119797.71775366469,144822.28995544428,10388.476116069509
2013-06-17,115469.954651752,0.0,1.4574459872579284,222,2013,6,17,0,5.504130174180022,0,97.86,123871.99013913852,106537.98997425176,110981.94576000952,132039.27252852297,118851.95484054259,10325.401836340454
2013-06-18,109743.33066347033,0.0,1.4346030467430904,190,2013,6,18,1,5.5261575848373985,0,98.46,115469.954651752,107596.65351715463,106537.98997425176,110981.94576000952,112125.7591219737,9983.001037779777
2013-06-19,110640.6208687721,0.0,1.4279280163221517,212,2013,6,19,2,5.547076022339923,0,98.24,109743.33066347033,104070.6807236982,107596.65351715463,106537.98997425176,111538.21750830857,9674.511136609215
2013-06-20,106691.34237013503,0.0,1.42018050655789,185,2013,6,20,3,5.565085462170848,0,94.89,110640.6208687721,111028.81812073736,104070.6807236982,107596.65351715463,106967.94209978702,9206.348523963048
2013-06-21,106907.88064234053,0.0,1.4205911183390534,186,2013,6,21,4,5.536765981987247,0,93.81,106691.34237013503,132362.91929924776,111028.81812073736,104070.6807236982,109963.83931225416,9673.756173810527
2013-06-22,119850.1730443231,0.0,1.4834525516561352,226,2013,6,22,5,5.4507771817527395,0,93.81,106907.88064234053,123871.99013913852,132362.91929924776,111028.81812073736,119797.71775366469,6628.667229525441
2013-06-23,129180.19070905646,0.0,1.5101737734193696,289,2013,6,23,6,5.487255648518717,1,93.81,119850.1730443231,115469.954651752,123871.99013913852,132362.91929924776,132039.27252852297,8164.040886207529
2013-06-24,112184.25589406886,0.0,1.4381570516340223,209,2013,6,24,0,5.464676009457149,0,95.07,129180.19070905646,109743.33066347033,115469.954651752,123871.99013913852,110981.94576000952,8164.528678481373
2013-06-25,107028.54613877536,0.0,1.415958722981427,186,2013,6,25,1,5.446019748120285,1,95.25,112184.25589406886,110640.6208687721,109743.33066347033,115469.954651752,106537.98997425176,8438.13469500496
2013-06-26,107460.04642534253,0.0,1.4163147797979134,188,2013,6,26,2,5.424162533494886,0,95.47,107028.54613877536,106691.34237013503,110640.6208687721,109743.33066347033,107596.65351715463,8681.778154876478
2013-06-27,103095.99751089553,0.0,1.4014747361825717,169,2013,6,27,3,5.399454976530432,0,97.0,107460.04642534253,106907.88064234053,106691.34237013503,110640.6208687721,104070.6807236982,9191.837715029136
2013-06-28,109257.77600763306,0.0,1.43451187993561,198,2013,6,28,4,5.41560368433777,0,96.36,103095.99751089553,119850.1730443231,106907.88064234053,106691.34237013503,111028.81812073736,9005.502020242944
2013-06-29,129315.68121469456,0.0,1.5274017119768715,271,2013,6,29,5,5.480651570277264,0,96.36,109257.77600763306,129180.19070905646,119850.1730443231,106907.88064234053,132362.91929924776,10809.184018788073
2013-06-30,136701.7956293328,0.0,1.5458707191253667,342,2013,6,30,6,5.5323407654192165,0,96.36,129315.68121469456,112184.25589406886,129180.19070905646,119850.1730443231,123871.99013913852,12773.071853459049
2013-07-01,123387.10195478816,0.0,1.4892210398472947,251,2013,7,1,0,5.609327805062412,0,97.94,136701.7956293328,107028.54613877536,112184.25589406886,129180.19070905646,115469.954651752,13059.179345926592
2013-07-02,115548.13742748629,0.0,1.4629404606153094,218,2013,7,2,1,5.667875258873065,0,99.65,123387.10195478816,107460.04642534253,107028.54613877536,112184.25589406886,109743.33066347033,12398.006176864072
2013-07-03,114599.01291134971,0.0,1.45507327721318,213,2013,7,3,2,5.7169349257551065,1,101.92,115548.13742748629,103095.99751089553,107460.04642534253,107028.54613877536,110640.6208687721,11676.005631138074
2013-07-04,107379.45529611722,0.0,1.4229233681063425,175,2013,7,4,3,5.74637126117679,0,101.92,114599.01291134971,109257.77600763306,103095.99751089553,107460.04642534253,106691.34237013503,10791.916418099965
2013-07-05,110800.12296716667,0.0,1.435479798613086,204,2013,7,5,4,5.756970418379665,0,103.09,107379.45529611722,129315.68121469456,109257.77600763306,103095.99751089553,106907.88064234053,10562.312723826808
2013-07-06,122648.95470913015,0.0,1.495060262338382,247,2013,7,6,5,5.711156030232902,0,103.09,110800.12296716667,136701.7956293328,129315.68121469456,109257.77600763306,119850.1730443231,9822.924434372562
2013-07-07,129478.57179569005,0.0,1.5126071943158288,285,2013,7,7,6,5.661517338723771,0,103.09,122648.95470913015,123387.10195478816,136701.7956293328,129315.68121469456,129180.19070905646,7788.218914130582
2013-07-08,112720.69196152278,0.0,1.4485725762185948,203,2013,7,8,0,5.588216739523234,0,103.03,129478.57179569005,115548.13742748629,123387.10195478816,136701.7956293328,112184.25589406886,7527.246065335961
2013-07-09,109504.87204200553,0.0,1.4310921467878717,205,2013,7,9,1,5.546686836382131,0,103.46,112720.69196152278,114599.01291134971,115548.13742748629,123387.10195478816,107028.54613877536,7945.129878471406
2013-07-10,110539.98500050254,0.0,1.4317408994277383,201,2013,7,10,2,5.518792804723431,0,106.41,109504.87204200553,107379.45529611722,114599.01291134971,115548.13742748629,107460.04642534253,8150.664206605914
2013-07-11,105045.94541138342,0.0,1.4146674274270312,172,2013,7,11,3,5.502756699520336,0,104.77,110539.98500050254,110800.12296716667,107379.45529611722,114599.01291134971,103095.99751089553,8539.589890936748
2013-07-12,108616.20715196502,0.0,1.4307287838874596,186,2013,7,12,4,5.4877486192047575,0,105.85,105045.94541138342,122648.95470913015,110800.12296716667,107379.45529611722,109257.77600763306,8730.419900837096
2013-07-13,121491.91168666148,0.0,1.4899893800762427,242,2013,7,13,5,5.479797307854331,0,105.85,108616.20715196502,129478.57179569005,122648.95470913015,110800.12296716667,129315.68121469456,8550.224291385583
2013-07-14,130110.04042088373,0.0,1.5169910043908486,284,2013,7,14,6,5.484136821208145,0,105.85,121491.91168666148,112720.69196152278,129478.57179569005,122648.95470913015,136701.7956293328,8742.967122993321
2013-07-15,117642.1432275476,0.0,1.4700208503130878,231,2013,7,15,0,5.517957509421296,0,106.2,130110.04042088373,109504.87204200553,112720.69196152278,129478.57179569005,123387.10195478816,8820.087192650104
2013-07-16,115036.29560675417,0.0,1.4621244021330886,216,2013,7,16,1,5.555969986157522,0,105.88,117642.1432275476,110539.98500050254,109504.87204200553,112720.69196152278,115548.13742748629,8518.955849910299
2013-07-17,113127.47731349619,0.0,1.4480763722049328,215,2013,7,17,2,5.573751483126884,0,106.38999999999999,115036.29560675417,105045.94541138342,110539.98500050254,109504.87204200553,114599.01291134971,8321.851145396891
2013-07-18,107722.03988855047,0.0,1.4297362732933687,180,2013,7,18,3,5.592141862722028,0,107.93999999999998,113127.47731349619,108616.20715196502,105045.94541138342,110539.98500050254,107379.45529611722,7786.104528801486
2013-07-19,110787.2377757321,0.0,1.4405998934062545,197,2013,7,19,4,5.607061394758142,0,108.0,107722.03988855047,121491.91168666148,108616.20715196502,105045.94541138342,110800.12296716667,7468.11657196459
2013-07-20,122395.9060661837,0.0,1.4980459527404413,234,2013,7,20,5,5.6132737314051235,0,108.0,110787.2377757321,130110.04042088373,121491.91168666148,108616.20715196502,122648.95470913015,7574.679652141916
2013-07-21,130329.99413487971,0.0,1.5167101592138776,302,2013,7,21,6,5.6147852745618625,0,108.0,122395.9060661837,117642.1432275476,130110.04042088373,121491.91168666148,129478.57179569005,7639.810550645639
2013-07-22,113263.13048785065,0.0,1.4516042042798378,204,2013,7,22,0,5.584692276268225,0,106.61000000000001,130329.99413487971,115036.29560675417,117642.1432275476,130110.04042088373,112720.69196152278,7730.478701609722
2013-07-23,110150.09862746701,0.0,1.439830346672555,192,2013,7,23,1,5.551113858916957,1,107.13,113263.13048785065,113127.47731349619,115036.29560675417,117642.1432275476,109504.87204200553,8055.722866157066
2013-07-24,108678.45829746436,0.0,1.4293673304106,192,2013,7,24,2,5.520539770733994,1,105.41,110150.09862746701,107722.03988855047,113127.47731349619,115036.29560675417,110539.98500050254,8431.334935624564
2013-07-25,111441.75349951736,0.0,1.443723047938423,203,2013,7,25,3,5.546102001766781,1,105.47,108678.45829746436,110787.2377757321,107722.03988855047,113127.47731349619,105045.94541138342,8020.997692855572
2013-07-26,111194.78161563945,0.0,1.4402798796215046,206,2013,7,26,4,5.548902682378586,0,104.75999999999999,111441.75349951736,122395.9060661837,110787.2377757321,107722.03988855047,108616.20715196502,7984.241896908778
2013-07-27,121048.25966115495,0.0,1.4893889875341069,238,2013,7,27,5,5.539641526182506,0,104.75999999999999,111194.78161563945,130329.99413487971,122395.9060661837,110787.2377757321,121491.91168666148,7800.173290668013
2013-07-28,129117.42514010667,0.0,1.5113238001477454,297,2013,7,28,6,5.53130863498997,0,104.75999999999999,121048.25966115495,113263.13048785065,130329.99413487971,122395.9060661837,130110.04042088373,7410.830848583215
2013-07-29,111675.17911773817,0.0,1.4393629574333906,210,2013,7,29,0,5.520396079874982,0,104.61000000000001,129117.42514010667,110150.09862746701,113263.13048785065,130329.99413487971,117642.1432275476,7496.13055770968
2013-07-30,110202.45569208266,0.0,1.4380274079625723,199,2013,7,30,1,5.5207558826775305,0,103.13999999999999,111675.17911773817,108678.45829746436,110150.09862746701,113263.13048785065,115036.29560675417,7490.790767799564
2013-07-31,116612.98074685493,0.0,1.4676907884541437,216,2013,7,31,2,5.575282686942289,0,105.1,110202.45569208266,111441.75349951736,108678.45829746436,110150.09862746701,113127.47731349619,7000.469074961105
2013-08-01,119314.01721129067,0.0,1.48383485912125,232,2013,8,1,3,5.629381643151732,0,107.93000000000002,116612.98074685493,111194.78161563945,111441.75349951736,108678.45829746436,107722.03988855047,6794.383102240631
2013-08-02,118009.40503361645,0.0,1.4717510124485664,239,2013,8,2,4,5.676212393158446,0,106.93999999999998,119314.01721129067,121048.25966115495,111194.78161563945,111441.75349951736,110787.2377757321,6289.469750969506
2013-08-03,133971.7129675937,0.0,1.5402805976011211,298,2013,8,3,5,5.765023611900294,0,106.93999999999998,118009.40503361645,129117.42514010667,121048.25966115495,111194.78161563945,122395.9060661837,8749.893345145485
2013-08-04,138512.6547950939,0.0,1.5484978342059292,341,2013,8,4,6,5.829588537097435,0,106.93999999999998,133971.7129675937,111675.17911773817,129117.42514010667,121048.25966115495,130329.99413487971,10872.664195756293
2013-08-05,119040.29230012518,0.0,1.4710015812494057,241,2013,8,5,0,5.880202305909023,1,106.61000000000001,138512.6547950939,110202.45569208266,111675.17911773817,129117.42514010667,113263.13048785065,10129.952299033335
2013-08-06,116377.98826415565,0.0,1.4544953089196657,238,2013,8,6,1,5.922641161925359,0,105.31999999999998,119040.29230012518,116612.98074685493,110202.45569208266,111675.17911773817,110150.09862746701,9126.310120244305
2013-08-07,116285.6985306069,0.0,1.4451421341057933,224,2013,8,7,2,5.920392046939734,0,104.41,116377.98826415565,119314.01721129067,116612.98074685493,110202.45569208266,108678.45829746436,9165.953349385714
2013-08-08,109053.79060199333,0.0,1.425711525264657,200,2013,8,8,3,5.84988277916645,0,103.45,116285.6985306069,118009.40503361645,119314.01721129067,116612.98074685493,111441.75349951736,10578.75108499023
2013-08-09,112784.0225483166,0.0,1.4364484123394368,203,2013,8,9,4,5.8139734462731605,0,106.04,109053.79060199333,133971.7129675937,118009.40503361645,119314.01721129067,111194.78161563945,11048.870411602355
2013-08-10,125297.84039596915,0.0,1.4989060402690104,270,2013,8,10,5,5.754365756592132,1,106.04,112784.0225483166,138512.6547950939,133971.7129675937,118009.40503361645,121048.25966115495,9742.603103242283
2013-08-11,133647.64013044888,0.0,1.5181891576503577,323,2013,8,11,6,5.720932906152009,0,106.04,125297.84039596915,119040.29230012518,138512.6547950939,133971.7129675937,129117.42514010667,8225.85413995239
2013-08-12,115816.8469216076,0.0,1.4493981793389241,233,2013,8,12,0,5.698781078321958,0,106.18999999999998,133647.64013044888,116377.98826415565,119040.29230012518,138512.6547950939,111675.17911773817,8308.25205064188
2013-08-13,111787.71922846852,0.0,1.4311801149725059,225,2013,8,13,1,5.66723630636776,0,106.78,115816.8469216076,116285.6985306069,116377.98826415565,119040.29230012518,110202.45569208266,8673.660022442325
2013-08-14,113995.25032499479,0.0,1.4357913558882556,220,2013,8,14,2,5.651496125180729,0,106.88999999999999,111787.71922846852,109053.79060199333,116285.6985306069,116377.98826415565,116612.98074685493,8783.279260758844
2013-08-15,111761.93425059688,0.0,1.4342114061074789,207,2013,8,15,3,5.670106749775987,1,107.43000000000002,113995.25032499479,112784.0225483166,109053.79060199333,116285.6985306069,119314.01721129067,8401.444683688122
2013-08-16,118046.52379271976,0.0,1.4588484068058243,235,2013,8,16,4,5.70627116636525,0,107.58,111761.93425059688,125297.84039596915,112784.0225483166,109053.79060199333,118009.40503361645,8100.529522582729
2013-08-17,131730.2452897241,0.0,1.5216974235629657,295,2013,8,17,5,5.750475273774434,0,107.58,118046.52379271976,133647.64013044888,125297.84039596915,112784.0225483166,133971.7129675937,9265.170782750569
2013-08-18,138406.18219522433,0.0,1.535927753036715,348,2013,8,18,6,5.783176434229473,0,107.58,131730.2452897241,115816.8469216076,133647.64013044888,125297.84039596915,138512.6547950939,10557.181330829631
2013-08-19,119094.35818262918,0.0,1.4665858725716663,243,2013,8,19,0,5.805699808023568,0,107.13999999999999,138406.18219522433,111787.71922846852,115816.8469216076,133647.64013044888,119040.29230012518,10400.839648872738
2013-08-20,116179.48688382361,0.0,1.451933090576886,234,2013,8,20,1,5.835880459328958,0,104.9,119094.35818262918,113995.25032499479,111787.71922846852,115816.8469216076,116377.98826415565,9894.555018083043
2013-08-21,116751.28699270322,0.0,1.448673095410902,241,2013,8,21,2,5.854820209375059,0,103.93000000000002,116179.48688382361,111761.93425059688,113995.25032499479,111787.71922846852,116285.6985306069,9605.292618931286
2013-08-22,113775.03598541344,0.0,1.430203358108509,224,2013,8,22,3,5.8686544388399735,0,104.93000000000002,116751.28699270322,118046.52379271976,111761.93425059688,113995.25032499479,109053.79060199333,9282.515549992131
2013-08-23,111713.12397927858,0.0,1.43719361744541,208,2013,8,23,4,5.8251307039005775,0,106.48,113775.03598541344,131730.2452897241,118046.52379271976,111761.93425059688,112784.0225483166,10011.822914452528
2013-08-24,123489.23783896444,0.0,1.4982773295198712,243,2013,8,24,5,5.768497705118591,1,106.48,111713.12397927858,138406.18219522433,131730.2452897241,118046.52379271976,125297.84039596915,8984.296603182673
2013-08-25,132709.71701604628,0.0,1.519567309265673,301,2013,8,25,6,5.729351046475019,0,106.48,123489.23783896444,119094.35818262918,138406.18219522433,131730.2452897241,133647.64013044888,7088.216103998786
2013-08-26,116193.45417817288,0.0,1.4475945796241299,248,2013,8,26,0,5.709415754105407,0,105.88,132709.71701604628,116179.48688382361,119094.35818262918,138406.18219522433,115816.8469216076,7173.0141835317545
2013-08-27,111115.44174491949,0.0,1.4356957803016777,202,2013,8,27,1,5.67461514703193,0,109.11000000000001,116193.45417817288,116751.28699270322,116179.48688382361,119094.35818262918,111787.71922846852,7703.8253429102415
2013-08-28,110428.68334561073,0.0,1.4302898793168297,206,2013,8,28,2,5.631165604389936,0,110.17,111115.44174491949,113775.03598541344,116751.28699270322,116179.48688382361,113995.25032499479,8222.85276493462
2013-08-29,107858.35274161801,0.0,1.422454050065827,185,2013,8,29,3,5.590505585946634,0,108.50999999999999,110428.68334561073,111713.12397927858,113775.03598541344,116751.28699270322,111761.93425059688,8893.612730807285
2013-08-30,114089.32894486783,0.0,1.453662783655421,211,2013,8,30,4,5.606835095867119,0,107.98,107858.35274161801,123489.23783896444,111713.12397927858,113775.03598541344,118046.52379271976,8737.095327952577
2013-08-31,133214.90589184483,0.0,1.541251256587627,287,2013,8,31,5,5.6736708256348445,0,107.98,114089.32894486783,132709.71701604628,123489.23783896444,111713.12397927858,131730.2452897241,10598.57960409008
2013-09-01,149107.93299175423,0.0,1.5823728624692937,405,2013,9,1,6,5.786360948890761,0,107.98,133214.90589184483,116193.45417817288,132709.71701604628,123489.23783896444,138406.18219522433,15213.592244046482
2013-09-02,123788.88978487915,0.0,1.4916726473309094,250,2013,9,2,0,5.838557515637416,0,107.98,149107.93299175423,111115.44174491949,116193.45417817288,132709.71701604628,119094.35818262918,15143.683400717015
2013-09-03,117310.68634198203,0.0,1.4660288707798255,232,2013,9,3,1,5.881131834592463,0,108.67,123788.88978487915,110428.68334561073,111115.44174491949,116193.45417817288,116179.48688382361,14616.212330744514
2013-09-04,116481.7971938604,0.0,1.460574662083188,217,2013,9,4,2,5.922729417320476,0,107.29,117310.68634198203,107858.35274161801,110428.68334561073,111115.44174491949,116751.28699270322,13964.311284497902
2013-09-05,110467.34959513368,0.0,1.4282417164360401,201,2013,9,5,3,5.940658695568337,0,108.5,116481.7971938604,114089.32894486783,107858.35274161801,110428.68334561073,113775.03598541344,13516.670866435808
2013-09-06,110500.99425870196,0.0,1.4340433155746144,193,2013,9,6,4,5.915999313190001,0,110.62,110467.34959513368,133214.90589184483,114089.32894486783,107858.35274161801,111713.12397927858,13992.475494034654
2013-09-07,124999.34470499298,0.0,1.4993318096067718,246,2013,9,7,5,5.859541183590151,0,110.62,110500.99425870196,149107.93299175423,133214.90589184483,114089.32894486783,123489.23783896444,13319.459094927324
2013-09-08,131639.66288374347,0.0,1.5145988291549985,293,2013,9,8,6,5.739497545034867,0,110.62,124999.34470499298,123788.88978487915,149107.93299175423,133214.90589184483,132709.71701604628,7876.512216337311
2013-09-09,115565.0173379974,0.0,1.449330011414644,223,2013,9,9,0,5.6829822996537285,0,109.62,131639.66288374347,117310.68634198203,123788.88978487915,149107.93299175423,116193.45417817288,7709.12210012573
2013-09-10,109021.0753882655,0.0,1.4198856312574355,207,2013,9,10,1,5.626015292907277,0,107.48,115565.0173379974,116481.7971938604,117310.68634198203,123788.88978487915,111115.44174491949,8457.71563389574
2013-09-11,112625.46897629803,0.0,1.436887267281376,210,2013,9,11,2,5.599514233109301,0,107.65,109021.0753882655,110467.34959513368,116481.7971938604,117310.68634198203,110428.68334561073,8617.65070022997
2013-09-12,108583.98488725789,0.0,1.4202640349274736,188,2013,9,12,3,5.586571569018233,0,108.72,112625.46897629803,110500.99425870196,110467.34959513368,116481.7971938604,107858.35274161801,8859.840357613037
2013-09-13,112004.0866385428,0.0,1.4400354015223134,199,2013,9,13,4,5.596900964959854,0,108.31000000000002,108583.98488725789,124999.34470499298,110500.99425870196,110467.34959513368,114089.32894486783,8717.648337888882
2013-09-14,125342.14065257249,0.0,1.503060745116628,261,2013,9,14,5,5.599256691804871,0,108.31000000000002,112004.0866385428,131639.66288374347,124999.34470499298,110500.99425870196,133214.90589184483,8775.117382665056
2013-09-15,136259.0346621253,0.0,1.536555086484644,310,2013,9,15,6,5.631001460616423,0,108.31000000000002,125342.14065257249,115565.0173379974,131639.66288374347,124999.34470499298,149107.93299175423,10174.528430624187
2013-09-16,118982.50890417553,0.0,1.4670871993469232,229,2013,9,16,0,5.654486792581142,0,106.54,136259.0346621253,109021.0753882655,115565.0173379974,131639.66288374347,123788.88978487915,10172.983133400037
2013-09-17,114420.49025494745,0.0,1.448095267992601,211,2013,9,17,1,5.691592092800239,0,105.36000000000001,118982.50890417553,112625.46897629803,109021.0753882655,115565.0173379974,117310.68634198203,9607.921061569841
2013-09-18,113004.35764326567,0.0,1.4401765643386852,209,2013,9,18,2,5.694195852297254,0,108.23,114420.49025494745,108583.98488725789,112625.46897629803,109021.0753882655,116481.7971938604,9571.512917584949
2013-09-19,108284.94805565866,0.0,1.4174410024270419,183,2013,9,19,3,5.692140842321723,0,106.25999999999999,113004.35764326567,112004.0866385428,108583.98488725789,112625.46897629803,110467.34959513368,9623.003062223665
2013-09-20,112915.80683397787,0.0,1.4388806474570237,207,2013,9,20,4,5.698406271521503,0,104.7,108284.94805565866,125342.14065257249,112004.0866385428,108583.98488725789,110500.99425870196,9528.850284460517
2013-09-21,123735.18371731468,0.0,1.4900397688946356,250,2013,9,21,5,5.6873631083280545,0,104.7,112915.80683397787,136259.0346621253,125342.14065257249,112004.0866385428,124999.34470499298,9353.108303089884
2013-09-22,127856.66179754586,0.0,1.498559817607713,263,2013,9,22,6,5.629621190844207,0,104.7,123735.18371731468,118982.50890417553,136259.0346621253,125342.14065257249,131639.66288374347,6860.590686236416
2013-09-23,114564.00349528163,0.0,1.4415874928336128,211,2013,9,23,0,5.599256795115258,0,103.62,127856.66179754586,114420.49025494745,118982.50890417553,136259.0346621253,115565.0173379974,6854.115182995087
2013-09-24,108831.31792643925,0.0,1.4210161618669583,199,2013,9,24,1,5.560847463299456,0,103.22,114564.00349528163,113004.35764326567,114420.49025494745,118982.50890417553,109021.0753882655,7424.593669402414
2013-09-25,109079.58793794109,0.0,1.4171266983902198,189,2013,9,25,2,5.53387606699029,0,102.68000000000002,108831.31792643925,108284.94805565866,113004.35764326567,114420.49025494745,112625.46897629803,7792.269227829465
2013-09-26,105181.85262936537,0.0,1.4012343878719067,173,2013,9,26,3,5.5125512956504155,0,103.1,109079.58793794109,112915.80683397787,108284.94805565866,113004.35764326567,108583.98488725789,8311.462237201304
2013-09-27,109662.95145129404,0.0,1.4232007295956628,185,2013,9,27,4,5.490197359432516,0,102.86000000000001,105181.85262936537,123735.18371731468,112915.80683397787,108284.94805565866,112004.0866385428,8509.5604552629
2013-09-28,123436.74527752024,0.0,1.4962608275812292,232,2013,9,28,5,5.488146461663236,1,102.86000000000001,109662.95145129404,127856.66179754586,123735.18371731468,112915.80683397787,125342.14065257249,8453.984046530144
2013-09-29,123607.87013052077,0.0,1.497673706068075,249,2013,9,29,6,5.45894835515244,0,102.86000000000001,123436.74527752024,114564.00349528163,127856.66179754586,123735.18371731468,136259.0346621253,7385.6682336785325
2013-09-30,116628.71121694565,0.0,1.4606455996203085,216,2013,9,30,0,5.473137225940972,0,102.36000000000001,123607.87013052077,108831.31792643925,114564.00349528163,127856.66179754586,118982.50890417553,7476.812311748905
2013-10-01,120737.78227331695,0.0,1.4809958713490208,232,2013,10,1,1,5.554959598373403,0,102.09,116628.71121694565,109079.58793794109,108831.31792643925,114564.00349528163,114420.49025494745,7518.764992441302
2013-10-02,116994.1951538711,0.0,1.4600858285273695,214,2013,10,2,2,5.609349543231219,0,104.15,120737.78227331695,105181.85262936537,109079.58793794109,108831.31792643925,113004.35764326567,6971.670762282325
2013-10-03,112068.52040512832,0.0,1.4398748902862595,207,2013,10,3,3,5.656675389019744,0,103.29,116994.1951538711,109662.95145129404,105181.85262936537,109079.58793794109,108284.94805565866,5399.253236612908
2013-10-04,113285.07146018396,0.0,1.443416886263921,194,2013,10,4,4,5.681566947397448,0,103.83,112068.52040512832,123436.74527752024,109662.95145129404,105181.85262936537,112915.80683397787,4631.858181987319
2013-10-05,121654.8565475465,0.0,1.4820145450644402,222,2013,10,5,5,5.669321636022934,0,103.83,113285.07146018396,123607.87013052077,123436.74527752024,109662.95145129404,123735.18371731468,4329.303468860601
2013-10-06,121123.61876452249,0.0,1.479546004514003,241,2013,10,6,6,5.652249620808123,0,103.83,121654.8565475465,116628.71121694565,123607.87013052077,123436.74527752024,127856.66179754586,3854.829185686404
2013-10-07,115055.91747946004,0.0,1.4462407671911635,211,2013,10,7,0,5.641441230407854,1,103.06999999999998,121123.61876452249,120737.78227331695,116628.71121694565,123607.87013052077,114564.00349528163,3958.450987813689
2013-10-08,111260.70811202786,0.0,1.4303875630335428,194,2013,10,8,1,5.576313861862202,0,103.54,115055.91747946004,116994.1951538711,120737.78227331695,116628.71121694565,108831.31792643925,4190.316314310333
2013-10-09,111702.28666634818,0.0,1.4293339095681146,202,2013,10,9,2,5.539947355859268,0,101.63,111260.70811202786,112068.52040512832,116994.1951538711,120737.78227331695,109079.58793794109,4434.55124090852
2013-10-10,112051.22537966688,0.0,1.4333722928027288,204,2013,10,10,3,5.539828502774649,0,103.08,111702.28666634818,113285.07146018396,112068.52040512832,116994.1951538711,105181.85262936537,4436.567970773157
2013-10-11,118766.3408666061,0.0,1.4635773112769792,230,2013,10,11,4,5.577496315293012,1,102.17,112051.22537966688,121654.8565475465,113285.07146018396,112068.52040512832,109662.95145129404,4532.763576315606
2013-10-12,114030.20220771445,0.0,1.4494900176208265,199,2013,10,12,5,5.525098954591564,0,102.17,118766.3408666061,121123.61876452249,121654.8565475465,113285.07146018396,123436.74527752024,3786.6984624053384
2013-10-13,127697.78120392706,0.0,1.4917605081552185,279,2013,10,13,6,5.570277233539614,0,102.17,114030.20220771445,115055.91747946004,121123.61876452249,121654.8565475465,123607.87013052077,5852.2328342437995
2013-10-14,119976.60451293526,0.0,1.4555840455637603,255,2013,10,14,0,5.604092669872906,0,102.46,127697.78120392706,111260.70811202786,115055.91747946004,121123.61876452249,116628.71121694565,6041.151679976824
2013-10-15,113976.8469118226,0.0,1.4440604268666342,213,2013,10,15,1,5.622758237918996,0,101.15,119976.60451293526,111702.28666634818,111260.70811202786,115055.91747946004,120737.78227331695,5727.809544012532
2013-10-16,119545.69837380724,0.0,1.464541805782934,230,2013,10,16,2,5.676658920369441,0,102.34,113976.8469118226,112051.22537966688,111702.28666634818,111260.70811202786,116994.1951538711,5295.644071592977
2013-10-17,109986.06684777397,0.0,1.4273853916511654,176,2013,10,17,3,5.662466951569495,0,100.72,119545.69837380724,118766.3408666061,112051.22537966688,111702.28666634818,112068.52040512832,5722.98564342927
2013-10-18,112423.90592970514,0.0,1.4310874255212336,198,2013,10,18,4,5.61888112638944,0,100.87,109986.06684777397,114030.20220771445,118766.3408666061,112051.22537966688,113285.07146018396,6022.360718622181
2013-10-19,121430.50411032939,0.0,1.4813762436104374,234,2013,10,19,5,5.669736715483525,0,100.87,112423.90592970514,127697.78120392706,114030.20220771445,118766.3408666061,121654.8565475465,6103.015769986469
2013-10-20,128998.23071430463,0.0,1.505738770336675,272,2013,10,20,6,5.678673530063211,0,100.87,121430.50411032939,119976.60451293526,127697.78120392706,114030.20220771445,121123.61876452249,6461.5657258402425
2013-10-21,115190.07557995473,0.0,1.4441038396025565,218,2013,10,21,0,5.645780041148037,0,99.28,128998.23071430463,113976.8469118226,119976.60451293526,127697.78120392706,115055.91747946004,6476.737432965831
2013-10-22,111389.98632899745,0.0,1.4276742697924703,194,2013,10,22,1,5.628002885489379,0,97.63,115190.07557995473,119545.69837380724,113976.8469118226,119976.60451293526,111260.70811202786,6769.43229763174
2013-10-23,111659.25853571856,0.0,1.42669006142339,191,2013,10,23,2,5.573806509571345,0,96.9,111389.98632899745,109986.06684777397,119545.69837380724,113976.8469118226,111702.28666634818,6928.552328867858
2013-10-24,108054.83962010914,0.0,1.4134142682152553,181,2013,10,24,3,5.560534929623677,0,96.65,111659.25853571856,112423.90592970514,109986.06684777397,119545.69837380724,112051.22537966688,7233.552323223448
2013-10-25,111469.29614294192,0.0,1.4257739222462245,203,2013,10,25,4,5.553974759011764,0,97.4,108054.83962010914,121430.50411032939,112423.90592970514,109986.06684777397,118766.3408666061,7311.818326151563
2013-10-26,121480.9920332692,0.0,1.482834497254828,223,2013,10,26,5,5.554321716892271,0,97.4,111469.29614294192,128998.23071430463,121430.50411032939,112423.90592970514,114030.20220771445,7318.715576538801
2013-10-27,130769.73103649005,0.0,1.5098894558556784,292,2013,10,27,6,5.5664956381255735,0,97.4,121480.9920332692,115190.07557995473,128998.23071430463,121430.50411032939,127697.78120392706,7874.282662412824
2013-10-28,117399.65331944767,0.0,1.4431624158334615,227,2013,10,28,0,5.581680069662264,0,98.74,130769.73103649005,111389.98632899745,115190.07557995473,128998.23071430463,119976.60451293526,7893.9345800561805
2013-10-29,110773.65961833399,0.0,1.426523445227464,202,2013,10,29,1,5.5774446130068895,0,98.29,117399.65331944767,111659.25853571856,111389.98632899745,115190.07557995473,113976.8469118226,7957.520167205632
2013-10-30,112461.42584577177,0.0,1.4303610679522747,202,2013,10,30,2,5.582957184202176,0,96.81,110773.65961833399,108054.83962010914,111659.25853571856,111389.98632899745,119545.69837380724,7891.031644993444
2013-10-31,111365.69420700624,0.0,1.4359023928426753,192,2013,10,31,3,5.605709696550625,0,96.29,112461.42584577177,111469.29614294192,108054.83962010914,111659.25853571856,109986.06684777397,7416.289183104521
2013-11-01,121481.15063225947,0.0,1.4797581075225255,224,2013,11,1,4,5.674512127137761,0,94.56,111365.69420700624,121480.9920332692,111469.29614294192,108054.83962010914,112423.90592970514,7240.646119521579
2013-11-02,132508.67147804066,0.0,1.529856741025604,275,2013,11,2,5,5.7502954048857156,1,94.56,121481.15063225947,130769.73103649005,121480.9920332692,111469.29614294192,121430.50411032939,9095.938676745822
2013-11-03,134216.956004219,0.0,1.5309927036973279,291,2013,11,3,6,5.773985067656332,1,94.56,132508.67147804066,117399.65331944767,130769.73103649005,121480.9920332692,128998.23071430463,9866.14472233696
2013-11-04,118229.90536686138,0.0,1.4610366018206575,228,2013,11,4,0,5.779690639878037,0,94.58,134216.956004219,110773.65961833399,117399.65331944767,130769.73103649005,115190.07557995473,9834.197769537524
2013-11-05,113438.34284615048,0.0,1.438181680240683,205,2013,11,5,1,5.798002600266011,0,93.4,118229.90536686138,112461.42584577177,110773.65961833399,117399.65331944767,111389.98632899745,9455.10831784483
2013-11-06,112786.13083162157,0.0,1.4291333204476255,214,2013,11,6,2,5.800234004275535,1,94.74,113438.34284615048,111365.69420700624,112461.42584577177,110773.65961833399,111659.25853571856,9409.620319354746
2013-11-07,108119.59480215536,0.0,1.4130943722102882,183,2013,11,7,3,5.777926495789521,1,94.25,112786.13083162157,121481.15063225947,111365.69420700624,112461.42584577177,108054.83962010914,10000.566159630025
2013-11-08,110646.80112060474,0.0,1.4206648489572844,188,2013,11,8,4,5.703471800005863,0,94.56,108119.59480215536,132508.67147804066,121481.15063225947,111365.69420700624,111469.29614294192,10575.16181576868
2013-11-09,121801.81667585972,0.0,1.4765023067370209,225,2013,11,9,5,5.629893260173948,0,94.56,110646.80112060474,134216.956004219,132508.67147804066,121481.15063225947,121480.9920332692,8856.751799219188
2013-11-10,130128.20722107832,0.0,1.5011912732947952,275,2013,11,10,6,5.60179498381162,1,94.56,121801.81667585972,118229.90536686138,134216.956004219,132508.67147804066,130769.73103649005,7577.050235502721
2013-11-11,113036.39343452438,0.0,1.4255762363163487,214,2013,11,11,0,5.566104668435049,1,95.13,130128.20722107832,113438.34284615048,118229.90536686138,134216.956004219,117399.65331944767,7627.830075437768
2013-11-12,109326.81532370245,0.0,1.4095559723522886,196,2013,11,12,1,5.537849854377158,1,93.12,113036.39343452438,112786.13083162157,113438.34284615048,118229.90536686138,110773.65961833399,7981.828161507997
2013-11-13,111564.62777972542,0.0,1.4129908762057681,211,2013,11,13,2,5.529455567481586,0,93.91,109326.81532370245,108119.59480215536,112786.13083162157,113438.34284615048,112461.42584577177,8054.399091516039
2013-11-14,106817.07647247027,0.0,1.4002920383316764,180,2013,11,14,3,5.520504535775896,0,93.76,111564.62777972542,110646.80112060474,108119.59480215536,112786.13083162157,111365.69420700624,8251.041681568942
2013-11-15,113531.57283642249,0.0,1.4337216529397432,204,2013,11,15,4,5.540328965500585,0,93.8,106817.07647247027,121801.81667585972,110646.80112060474,108119.59480215536,121481.15063225947,8081.650870578273
2013-11-16,127128.90916586525,0.0,1.5022340184100011,256,2013,11,16,5,5.576937259365215,0,93.8,113531.57283642249,130128.20722107832,121801.81667585972,110646.80112060474,132508.67147804066,9007.71784583814
2013-11-17,133685.25503821942,0.0,1.5179463623172154,290,2013,11,17,6,5.6013816353592025,0,93.8,127128.90916586525,113036.39343452438,130128.20722107832,121801.81667585972,134216.956004219,9988.846932507444
2013-11-18,118077.58962537564,0.0,1.4498610555675706,229,2013,11,18,0,5.6360252222558405,0,93.03,133685.25503821942,109326.81532370245,113036.39343452438,130128.20722107832,118229.90536686138,9883.603239225211
2013-11-19,112702.52606849401,0.0,1.4242336630662882,199,2013,11,19,1,5.659223432382505,0,93.35,118077.58962537564,111564.62777972542,109326.81532370245,113036.39343452438,113438.34284615048,9513.01412518842
2013-11-20,112655.44029972752,0.0,1.4277004997642146,205,2013,11,20,2,5.6667196013261405,0,93.34,112702.52606849401,106817.07647247027,111564.62777972542,109326.81532370245,112786.13083162157,9405.155892106393
2013-11-21,108685.92156722053,0.0,1.4047155518286627,182,2013,11,21,3,5.679562485234097,0,95.35,112655.44029972752,113531.57283642249,106817.07647247027,111564.62777972542,108119.59480215536,9061.691259762463
2013-11-22,111905.95346432284,0.0,1.4205157876071355,206,2013,11,22,4,5.668391071973014,0,94.53,108685.92156722053,127128.90916586525,113531.57283642249,106817.07647247027,110646.80112060474,9216.792073600122
2013-11-23,120355.68319994495,0.0,1.4684690767841508,226,2013,11,23,5,5.621844809253312,0,94.53,111905.95346432284,133685.25503821942,127128.90916586525,113531.57283642249,121801.81667585972,8397.541758078092
2013-11-24,125899.01969704298,0.0,1.484504318471446,262,2013,11,24,6,5.568337048311722,0,94.53,120355.68319994495,118077.58962537564,133685.25503821942,127128.90916586525,130128.20722107832,5960.61713073589
2013-11-25,112596.17580974284,0.0,1.4242728627744572,202,2013,11,25,0,5.5306682433993215,0,93.86,125899.01969704298,112702.52606849401,118077.58962537564,133685.25503821942,113036.39343452438,5964.628061830132
2013-11-26,107655.75615693885,0.0,1.4032416181227414,184,2013,11,26,1,5.4959863533559234,0,93.41,112596.17580974284,112655.44029972752,112702.52606849401,118077.58962537564,109326.81532370245,6559.907963408412
2013-11-27,112485.28052540905,0.0,1.410122546637113,217,2013,11,27,2,5.494816998959716,0,92.05,107655.75615693885,108685.92156722053,112655.44029972752,112702.52606849401,111564.62777972542,6567.115358968463
2013-11-28,108995.64624000272,0.0,1.4087875914317305,191,2013,11,28,3,5.496945456811651,0,92.05,112485.28052540905,111905.95346432284,108685.92156722053,112655.44029972752,106817.07647247027,6524.470522655004
2013-11-29,111485.04568070902,0.0,1.4268219406551719,195,2013,11,29,4,5.494052937888552,0,92.55,108995.64624000272,120355.68319994495,111905.95346432284,108685.92156722053,113531.57283642249,6551.7766269260055
2013-11-30,126850.10435637136,0.0,1.4999012193797014,236,2013,11,30,5,5.538683227041816,0,92.55,111485.04568070902,125899.01969704298,120355.68319994495,111905.95346432284,127128.90916586525,7890.155067629351
2013-12-01,141496.38925982086,0.0,1.553572104035616,328,2013,12,1,6,5.645869856434994,0,92.55,126850.10435637136,112596.17580974284,125899.01969704298,120355.68319994495,133685.25503821942,12367.52364805982
2013-12-02,124774.78145651781,0.0,1.484925429480839,256,2013,12,2,0,5.729562410152627,0,93.61,141496.38925982086,107655.75615693885,112596.17580974284,125899.01969704298,118077.58962537564,12441.034086590967
2013-12-03,120139.06066043513,0.0,1.4625109788566975,225,2013,12,3,1,5.815348883829036,0,95.83,124774.78145651781,112485.28052540905,107655.75615693885,112596.17580974284,112702.52606849401,11375.189989168666
2013-12-04,123972.89522135891,0.0,1.4490413422190995,227,2013,12,4,2,5.894292881024876,0,96.97,120139.06066043513,108995.64624000272,112485.28052540905,107655.75615693885,112655.44029972752,10773.38193539486
2013-12-05,124432.58106427743,0.0,1.436820064204322,226,2013,12,5,3,6.000376987406818,1,97.14,123972.89522135891,111485.04568070902,108995.64624000272,112485.28052540905,108685.92156722053,8970.094971650784
2013-12-06,114667.45192667132,0.0,1.4384700212741686,221,2013,12,6,4,6.022246790356063,1,97.48,124432.58106427743,126850.10435637136,111485.04568070902,108995.64624000272,111905.95346432284,8237.290368982918
2013-12-07,124421.92414369064,0.0,1.4925048216890326,239,2013,12,7,5,6.005560101519916,0,97.48,114667.45192667132,141496.38925982086,126850.10435637136,111485.04568070902,120355.68319994495,8206.823177846936
2013-12-08,131171.29402861337,0.0,1.5138099587021034,290,2013,12,8,6,5.934605050314499,1,97.48,124421.92414369064,124774.78145651781,141496.38925982086,126850.10435637136,125899.01969704298,5026.695446937554
2013-12-09,117647.47385957977,0.0,1.4554180232488105,225,2013,12,9,0,5.88562550444368,0,97.1,131171.29402861337,120139.06066043513,124774.78145651781,141496.38925982086,112596.17580974284,5402.199853178148
2013-12-10,117383.6171548628,0.0,1.4511461401701105,226,2013,12,10,1,5.866689830665042,0,98.32,117647.47385957977,123972.89522135891,120139.06066043513,124774.78145651781,107655.75615693885,5683.261350989256
2013-12-11,117835.3846063792,0.0,1.4543467238731456,234,2013,12,11,2,5.824512265208462,0,97.25,117383.6171548628,124432.58106427743,123972.89522135891,120139.06066043513,112485.28052540905,5792.757771904364
2013-12-12,113214.00295767769,0.0,1.4389093506612887,207,2013,12,12,3,5.7474171134272165,0,97.21,117835.3846063792,114667.45192667132,124432.58106427743,123972.89522135891,108995.64624000272,6244.864427566685
2013-12-13,117393.87055400686,0.0,1.458703492210774,231,2013,12,13,4,5.766153325440572,0,96.27,113214.00295767769,124421.92414369064,114667.45192667132,124432.58106427743,111485.04568070902,5974.028286393704
2013-12-14,129479.52941549552,0.0,1.5157952209465833,277,2013,12,14,5,5.800909677125644,0,96.27,117393.87055400686,131171.29402861337,124421.92414369064,114667.45192667132,126850.10435637136,6857.299590303784
2013-12-15,140554.45258633065,0.0,1.5524124873341625,349,2013,12,15,6,5.865391648577012,0,96.27,129479.52941549552,117647.47385957977,131171.29402861337,124421.92414369064,141496.38925982086,9627.964524154091
2013-12-16,128384.37973060159,0.0,1.5017946179952217,271,2013,12,16,0,5.939176702255108,0,97.18,140554.45258633065,117383.6171548628,117647.47385957977,131171.29402861337,124774.78145651781,9687.118396858188
2013-12-17,123620.19590666576,0.0,1.48824354460158,247,2013,12,17,1,5.982035073511898,0,96.99,128384.37973060159,117835.3846063792,117383.6171548628,117647.47385957977,120139.06066043513,9314.356531623293
2013-12-18,131390.89133717105,0.0,1.4992376291222733,286,2013,12,18,2,6.07518982440384,0,97.59,123620.19590666576,113214.00295767769,117835.3846063792,117383.6171548628,123972.89522135891,9140.604359825733
2013-12-19,128291.12593594748,0.0,1.508021299638438,283,2013,12,19,3,6.178801269044084,0,98.4,131390.89133717105,117393.87055400686,113214.00295767769,117835.3846063792,124432.58106427743,7092.495063967135
2013-12-20,145169.94276350585,0.0,1.5002929835353787,285,2013,12,20,4,6.36968111874789,0,99.11,128291.12593594748,129479.52941549552,117393.87055400686,113214.00295767769,114667.45192667132,7628.95608346947
2013-12-21,143183.9953657878,0.0,1.5507008806879363,334,2013,12,21,5,6.463859531776644,1,99.11,145169.94276350585,140554.45258633065,129479.52941549552,117393.87055400686,124421.92414369064,8463.514484870306
2013-12-22,145743.74911380382,0.0,1.5792733561112176,364,2013,12,22,6,6.499520878484039,1,99.11,143183.9953657878,128384.37973060159,140554.45258633065,129479.52941549552,131171.29402861337,9283.020516997074
2013-12-23,146695.52340005655,0.0,1.5800290765753138,385,2013,12,23,0,6.625356825523917,1,98.62,145743.74911380382,123620.19590666576,128384.37973060159,140554.45258633065,117647.47385957977,9644.193260770457
2013-12-24,140965.01029314855,0.0,1.5608188308878013,322,2013,12,24,1,6.744552064442543,1,98.87,146695.52340005655,131390.89133717105,123620.19590666576,128384.37973060159,117383.6171548628,7377.17452966369
2013-12-25,131163.21857925548,0.0,1.5475515302850211,261,2013,12,25,2,6.742987475270798,1,98.87,140965.01029314855,128291.12593594748,131390.89133717105,123620.19590666576,117835.3846063792,7422.875226237198
2013-12-26,121361.42686536243,0.0,1.4847188210230566,244,2013,12,26,3,6.695365914270049,1,99.18,131163.21857925548,145169.94276350585,128291.12593594748,131390.89133717105,113214.00295767769,9455.455282165756
2013-12-27,122262.58721118346,0.0,1.488773397248063,243,2013,12,27,4,6.537944355456432,0,99.94,121361.42686536243,143183.9953657878,145169.94276350585,128291.12593594748,117393.87055400686,10892.956898013168
2013-12-28,131815.47922527537,0.0,1.5312931461751602,281,2013,12,28,5,6.4598188150312374,0,99.94,122262.58721118346,145743.74911380382,143183.9953657878,145169.94276350585,129479.52941549552,10466.993704072063
2013-12-29,124938.45441995979,0.0,1.5126461736397647,241,2013,12,29,6,6.3168428213683825,0,99.94,131815.47922527537,146695.52340005655,145743.74911380382,143183.9953657878,140554.45258633065,9588.507384680817
2013-12-30,137619.6679517452,0.0,1.5632229201946355,292,2013,12,30,0,6.254472666551653,0,98.9,124938.45441995979,140965.01029314855,146695.52340005655,145743.74911380382,128384.37973060159,7561.407677839692
2013-12-31,133044.77593445248,0.0,1.5351399261174303,286,2013,12,31,1,6.200044051425508,1,98.17,137619.6679517452,131163.21857925548,140965.01029314855,146695.52340005655,123620.19590666576,6102.074213296492
2014-01-01,124939.5053246076,0.0,1.5206009330329742,243,2014,1,1,2,6.157274093107193,1,98.17,133044.77593445248,121361.42686536243,131163.21857925548,140965.01029314855,131390.89133717105,6168.115033539209
2014-01-02,124961.64021626703,0.0,1.4996568848955225,250,2014,1,2,3,6.18201510681637,0,95.14,124939.5053246076,122262.58721118346,121361.42686536243,131163.21857925548,128291.12593594748,5650.985292999201
2014-01-03,118428.08168931562,0.0,1.4716019369923228,216,2014,1,3,4,6.155664014689952,0,93.66,124961.64021626703,131815.47922527537,122262.58721118346,121361.42686536243,145169.94276350585,6482.405627134904
2014-01-04,132708.7535417094,0.0,1.5256287357244824,287,2014,1,4,5,6.161802682028486,0,93.66,118428.08168931562,124938.45441995979,131815.47922527537,122262.58721118346,143183.9953657878,6578.936081971266
2014-01-05,139677.4017495021,0.0,1.5415036511312052,337,2014,1,5,6,6.263090150963465,0,93.66,132708.7535417094,137619.6679517452,124938.45441995979,131815.47922527537,145743.74911380382,7669.750440462495
2014-01-06,118980.72648612109,0.0,1.4662882584839,222,2014,1,6,0,6.13500154582297,0,93.12,139677.4017495021,133044.77593445248,137619.6679517452,124938.45441995979,146695.52340005655,7895.500871167763
2014-01-07,111745.27173140566,0.0,1.438880876649872,198,2014,1,7,1,5.9886292967022765,0,93.31,118980.72648612109,124939.5053246076,133044.77593445248,137619.6679517452,140965.01029314855,9382.222636489938
2014-01-08,112575.12177857765,0.0,1.4344538770189739,201,2014,1,8,2,5.903660059326112,0,91.9,111745.27173140566,124961.64021626703,124939.5053246076,133044.77593445248,131163.21857925548,10393.262004961012
2014-01-09,106335.90325051363,0.0,1.4138995707429942,167,2014,1,9,3,5.775662196783482,0,91.36,112575.12177857765,118428.08168931562,124961.64021626703,124939.5053246076,121361.42686536243,11987.28636521385
2014-01-10,108567.31192142669,0.0,1.4248430885763017,164,2014,1,10,4,5.707898034987604,0,92.39,106335.90325051363,132708.7535417094,118428.08168931562,124961.64021626703,122262.58721118346,12765.750511902306
2014-01-11,120340.84671250716,0.0,1.4772640640795454,228,2014,1,11,5,5.622904585269345,0,92.39,108567.31192142669,139677.4017495021,132708.7535417094,118428.08168931562,131815.47922527537,11264.158860317384
2014-01-12,129157.37544261232,0.0,1.5031221134401958,278,2014,1,12,6,5.550609948893347,0,92.39,120340.84671250716,118980.72648612109,139677.4017495021,132708.7535417094,124938.45441995979,7923.362533049625
2014-01-13,113210.02608197226,0.0,1.4356311328233657,207,2014,1,13,0,5.510953138617165,0,91.45,129157.37544261232,111745.27173140566,118980.72648612109,139677.4017495021,137619.6679517452,7786.039671034309
2014-01-14,107065.09290981974,0.0,1.416868546828917,182,2014,1,14,1,5.47879049793445,0,92.15,113210.02608197226,112575.12177857765,111745.27173140566,118980.72648612109,133044.77593445248,8255.019899208837
2014-01-15,113345.32211922546,0.0,1.4435428473368372,186,2014,1,15,2,5.484083389029916,0,93.78,107065.09290981974,106335.90325051363,112575.12177857765,111745.27173140566,124939.5053246076,8239.643762239446
2014-01-16,108160.4969630742,0.0,1.4260505099946217,172,2014,1,16,3,5.496622173167472,0,93.54,113345.32211922546,108567.31192142669,106335.90325051363,112575.12177857765,124961.64021626703,7981.486864992635
2014-01-17,110413.72435841928,0.0,1.4339501097034957,169,2014,1,17,4,5.509310897685687,0,93.96,108160.4969630742,120340.84671250716,108567.31192142669,106335.90325051363,118428.08168931562,7790.067765992735
2014-01-18,124867.79926136926,0.0,1.5002731928205586,245,2014,1,18,5,5.540420552629899,0,93.96,110413.72435841928,129157.37544261232,120340.84671250716,108567.31192142669,132708.7535417094,8507.933669805907
2014-01-19,133946.4261552848,0.0,1.5227621306251298,295,2014,1,19,6,5.573331371458568,0,93.96,124867.79926136926,113210.02608197226,129157.37544261232,120340.84671250716,139677.4017495021,9898.651959388066
2014-01-20,111717.54419486957,0.0,1.4372206169770432,196,2014,1,20,0,5.563074891847373,0,93.96,133946.4261552848,107065.09290981974,113210.02608197226,129157.37544261232,118980.72648612109,9980.935902435009
2014-01-21,112435.86527822343,0.0,1.444888654971137,194,2014,1,21,1,5.599983358053176,0,94.51,111717.54419486957,113345.32211922546,107065.09290981974,113210.02608197226,111745.27173140566,9401.022366369047
2014-01-22,110967.54218767471,0.0,1.4251018798356252,210,2014,1,22,2,5.583643024814559,0,96.35,112435.86527822343,108160.4969630742,113345.32211922546,107065.09290981974,112575.12177857765,9571.724026481283
2014-01-23,103847.62686206546,0.0,1.4050423532738725,160,2014,1,23,3,5.554004565119345,0,97.23,110967.54218767471,110413.72435841928,108160.4969630742,113345.32211922546,106335.90325051363,10278.620298494949
2014-01-24,108194.91051251719,0.0,1.4236899295950796,174,2014,1,24,4,5.538756662167764,0,96.66,103847.62686206546,124867.79926136926,110413.72435841928,108160.4969630742,108567.31192142669,10492.049800206849
2014-01-25,121963.72060731568,0.0,1.4884497722841403,238,2014,1,25,5,5.518799553299643,0,96.66,108194.91051251719,133946.4261552848,124867.79926136926,110413.72435841928,120340.84671250716,10093.10847154313
2014-01-26,130026.16764184521,0.0,1.5054175030468897,285,2014,1,26,6,5.491859158336617,0,96.66,121963.72060731568,111717.54419486957,133946.4261552848,124867.79926136926,129157.37544261232,8885.292359841464
2014-01-27,111388.12957731537,0.0,1.4327359716128667,193,2014,1,27,0,5.489595389283357,0,95.82,130026.16764184521,112435.86527822343,111717.54419486957,133946.4261552848,113210.02608197226,8901.27178759082
2014-01-28,107091.51525587832,0.0,1.4185740457344405,173,2014,1,28,1,5.452868499990461,0,97.49,111388.12957731537,110967.54218767471,112435.86527822343,111717.54419486957,107065.09290981974,9290.266766881528
2014-01-29,108182.29925337381,0.0,1.4168165801495192,180,2014,1,29,2,5.433728041660787,0,97.34,107091.51525587832,103847.62686206546,110967.54218767471,112435.86527822343,113345.32211922546,9467.47683018283
2014-01-30,105988.65890456273,0.0,1.4125296822533249,156,2014,1,30,3,5.448441420550375,0,98.25,108182.29925337381,108194.91051251719,103847.62686206546,110967.54218767471,108160.4969630742,9153.540085211222
2014-01-31,112441.34648972994,0.0,1.4536734677230359,172,2014,1,31,4,5.477623338533364,0,97.55,105988.65890456273,121963.72060731568,108194.91051251719,103847.62686206546,110413.72435841928,8898.914923954178
2014-02-01,135370.14943553734,0.0,1.554701312199719,273,2014,2,1,5,5.5697536116869815,0,97.55,112441.34648972994,130026.16764184521,121963.72060731568,108194.91051251719,124867.79926136926,11876.078551344408
2014-02-02,139652.8937154654,0.0,1.55605820028909,313,2014,2,2,6,5.63590940262145,0,97.55,135370.14943553734,111388.12957731537,130026.16764184521,121963.72060731568,133946.4261552848,14141.501236392123
2014-02-03,122751.63677089271,0.0,1.490140958036887,246,2014,2,3,0,5.714000521079746,0,96.44,139652.8937154654,107091.51525587832,111388.12957731537,130026.16764184521,111717.54419486957,14020.303564059162
2014-02-04,116015.77773194392,0.0,1.4668005124770804,208,2014,2,4,1,5.775328914356538,0,97.24,122751.63677089271,108182.29925337381,107091.51525587832,111388.12957731537,112435.86527822343,13159.337978888041
2014-02-05,115041.01321789683,0.0,1.4562442623110585,202,2014,2,5,2,5.822462658855582,0,97.4,116015.77773194392,105988.65890456273,108182.29925337381,107091.51525587832,110967.54218767471,12358.755395108023
2014-02-06,109862.60880595326,0.0,1.4326215849251653,185,2014,2,6,3,5.84908481656601,0,97.84,115041.01321789683,112441.34648972994,105988.65890456273,108182.29925337381,103847.62686206546,11638.304506085839
2014-02-07,112730.06877557331,0.0,1.443547384223977,203,2014,2,7,4,5.851068943987347,0,99.98,109862.60880595326,135370.14943553734,112441.34648972994,105988.65890456273,108194.91051251719,11600.926361299948
2014-02-08,124560.95474581173,0.0,1.5019548636843707,239,2014,2,8,5,5.776787114568413,0,99.98,112730.06877557331,139652.8937154654,135370.14943553734,112441.34648972994,121963.72060731568,10088.278658095076
2014-02-09,128947.56351968064,0.0,1.5146810187178923,267,2014,2,9,6,5.703219051978837,0,99.98,124560.95474581173,122751.63677089271,139652.8937154654,135370.14943553734,130026.16764184521,6951.879647021166
2014-02-10,115994.64218699544,0.0,1.4553912622963572,217,2014,2,10,0,5.656784332883361,0,100.12,128947.56351968064,116015.77773194392,122751.63677089271,139652.8937154654,111388.12957731537,6738.453928842721
2014-02-11,112475.60953347676,0.0,1.4430631876088735,191,2014,2,11,1,5.632455955258446,0,99.96,115994.64218699544,115041.01321789683,116015.77773194392,122751.63677089271,107091.51525587832,7004.187702055078
2014-02-12,113761.60207970387,0.0,1.4459748005159696,202,2014,2,12,2,5.62366371840344,0,100.38,112475.60953347676,109862.60880595326,115041.01321789683,116015.77773194392,108182.29925337381,7082.743169712561
2014-02-13,112318.34173695483,0.0,1.4446974738208422,186,2014,2,13,3,5.640539752179806,0,100.27,113761.60207970387,112730.06877557331,109862.60880595326,115041.01321789683,105988.65890456273,6727.722693394862
2014-02-14,114516.9753711017,0.0,1.4540919546333433,197,2014,2,14,4,5.652819546810831,0,100.31,112318.34173695483,124560.95474581173,112730.06877557331,109862.60880595326,112441.34648972994,6559.1820254708
2014-02-15,130080.3242353282,0.0,1.528801417876037,271,2014,2,15,5,5.690749186778371,0,100.31,114516.9753711017,128947.56351968064,124560.95474581173,112730.06877557331,135370.14943553734,7768.241007044085
2014-02-16,136471.62262834178,0.0,1.5489294599444268,304,2014,2,16,6,5.742455247339829,0,100.31,130080.3242353282,115994.64218699544,128947.56351968064,124560.95474581173,139652.8937154654,9753.921779109663
2014-02-17,120691.51126708923,0.0,1.4783594970762683,230,2014,2,17,0,5.774732585090274,0,100.31,136471.62262834178,112475.60953347676,115994.64218699544,128947.56351968064,122751.63677089271,9643.622295179643
2014-02-18,116670.91041852154,0.0,1.4608260033142895,206,2014,2,18,1,5.803563097783345,0,102.54,120691.51126708923,113761.60207970387,112475.60953347676,115994.64218699544,116015.77773194392,9215.656670287084
2014-02-19,117891.50102621703,0.0,1.461421023979948,210,2014,2,19,2,5.8319441620409735,0,103.46,116670.91041852154,112318.34173695483,113761.60207970387,112475.60953347676,115041.01321789683,8825.515626691864
2014-02-20,112903.02549824346,0.0,1.44395818382953,197,2014,2,20,3,5.835962165293459,0,103.2,117891.50102621703,114516.9753711017,112318.34173695483,113761.60207970387,109862.60880595326,8729.310411490911
2014-02-21,117417.35068351428,0.0,1.4626207536707878,213,2014,2,21,4,5.855893824440305,0,102.53,112903.02549824346,130080.3242353282,114516.9753711017,112318.34173695483,112730.06877557331,8415.904174470326
2014-02-22,127335.04651504026,0.0,1.5028275296599125,252,2014,2,22,5,5.837028010919538,0,102.53,117417.35068351428,136471.62262834178,130080.3242353282,114516.9753711017,124560.95474581173,8016.5389735049175
2014-02-23,127466.55089497038,0.0,1.5034078957508,248,2014,2,23,6,5.775144288625279,0,102.53,127335.04651504026,120691.51126708923,136471.62262834178,130080.3242353282,128947.56351968064,5516.279271075079
2014-02-24,119412.41661712219,0.0,1.4703706220096437,218,2014,2,24,0,5.766354226707916,0,103.17,127466.55089497038,116670.91041852154,120691.51126708923,136471.62262834178,115994.64218699544,5512.814399685858
2014-02-25,115571.19436248651,0.0,1.4538421784148368,204,2014,2,25,1,5.758796871805122,0,102.2,119412.41661712219,117891.50102621703,116670.91041852154,120691.51126708923,112475.60953347676,5633.555132522526
2014-02-26,119457.81456524429,0.0,1.4615050034028678,230,2014,2,26,2,5.769560729655993,0,102.93000000000002,115571.19436248651,112903.02549824346,117891.50102621703,116670.91041852154,113761.60207970387,5579.9599967868935
2014-02-27,117619.39838308483,0.0,1.461988720725375,207,2014,2,27,3,5.801972099435545,0,102.68000000000002,119457.81456524429,117417.35068351428,112903.02549824346,117891.50102621703,112318.34173695483,4822.283939168726
2014-02-28,128639.54755931358,0.0,1.5090595952116295,266,2014,2,28,4,5.879092119748083,0,102.88,117619.39838308483,127335.04651504026,117417.35068351428,112903.02549824346,114516.9753711017,5412.712287723858
2014-03-01,148990.88327572175,0.0,1.6004075567011804,350,2014,3,1,5,6.027913120604906,0,102.88,128639.54755931358,127466.55089497038,127335.04651504026,117417.35068351428,130080.3242353282,11543.68559562375
2014-03-02,127392.0724022273,0.0,1.5137315177160464,242,2014,3,2,6,6.0274012972126805,1,102.88,148990.88327572175,119412.41661712219,127466.55089497038,127335.04651504026,136471.62262834178,11541.398850686119
2014-03-03,112891.99281781363,0.0,1.4515752585915283,187,2014,3,3,0,5.982592315387256,1,105.34,127392.0724022273,115571.19436248651,119412.41661712219,127466.55089497038,120691.51126708923,12331.623060309776
2014-03-04,118933.32175379123,0.0,1.4769397286034358,219,2014,3,4,1,6.005697179397431,1,103.63999999999999,112891.99281781363,119457.81456524429,115571.19436248651,119412.41661712219,116670.91041852154,11992.79811534152
2014-03-05,124063.18314017626,0.0,1.4917116621898117,232,2014,3,5,2,6.037345716843018,0,101.75,118933.32175379123,117619.39838308483,119457.81456524429,115571.19436248651,117891.50102621703,11772.210177203195
2014-03-06,119330.82824080109,0.0,1.47410539646534,223,2014,3,6,3,6.049106828045334,0,101.81999999999998,124063.18314017626,128639.54755931358,117619.39838308483,119457.81456524429,112903.02549824346,11597.636978943427
2014-03-07,115823.40721016534,0.0,1.4624799266219037,195,2014,3,7,4,5.961033074305895,0,102.81999999999998,119330.82824080109,148990.88327572175,128639.54755931358,117619.39838308483,117417.35068351428,12067.339956301643
2014-03-08,123198.54410358531,0.0,1.4981022605782346,226,2014,3,8,5,5.783785629542869,0,102.81999999999998,115823.40721016534,127392.0724022273,148990.88327572175,128639.54755931358,127335.04651504026,5009.242192139302
2014-03-09,128438.71906872164,0.0,1.5130093852425035,258,2014,3,9,6,5.790978286477463,0,102.81999999999998,123198.54410358531,112891.99281781363,127392.0724022273,148990.88327572175,127466.55089497038,5267.500254007021
2014-03-10,117153.93213914584,0.0,1.4644899306641683,213,2014,3,10,0,5.820266744937922,0,101.38999999999999,128438.71906872164,118933.32175379123,112891.99281781363,127392.0724022273,119412.41661712219,4438.419221371839
2014-03-11,112590.96393649226,0.0,1.448404720797808,190,2014,3,11,1,5.776681449731217,0,100.29,117153.93213914584,124063.18314017626,118933.32175379123,112891.99281781363,115571.19436248651,5458.730022357037
2014-03-12,112467.54664870676,0.0,1.4425264448328674,188,2014,3,12,2,5.696995116328226,0,98.29,112590.96393649226,119330.82824080109,124063.18314017626,118933.32175379123,119457.81456524429,5799.322141635147
2014-03-13,108727.24089204955,0.0,1.435784054975813,157,2014,3,13,3,5.624126240405637,0,98.57,112467.54664870676,115823.40721016534,119330.82824080109,124063.18314017626,117619.39838308483,6819.631177454904
2014-03-14,112649.25887750076,0.0,1.4514517720299918,176,2014,3,14,4,5.602313186633787,0,99.23,108727.24089204955,123198.54410358531,115823.40721016534,119330.82824080109,128639.54755931358,7007.206512142133
2014-03-15,128094.21541768951,0.0,1.5203569142760398,244,2014,3,15,5,5.635956712528563,0,99.23,112649.25887750076,128438.71906872164,123198.54410358531,115823.40721016534,148990.88327572175,7969.943826630062
2014-03-16,133954.4808952201,0.0,1.5385266225374494,290,2014,3,16,6,5.673861560287562,0,99.23,128094.21541768951,117153.93213914584,128438.71906872164,123198.54410358531,127392.0724022273,9412.89825776932
2014-03-17,121071.36622154283,0.0,1.4858560365003548,216,2014,3,17,0,5.700782545487794,0,98.43,133954.4808952201,112590.96393649226,117153.93213914584,128438.71906872164,112891.99281781363,9474.057851821006
2014-03-18,116414.5929024687,0.0,1.4675544955877862,204,2014,3,18,1,5.727058892872112,0,100.08,121071.36622154283,112467.54664870676,112590.96393649226,117153.93213914584,118933.32175379123,9181.776264278571
2014-03-19,115415.95663959433,0.0,1.4581312457611173,193,2014,3,19,2,5.747320650966668,0,100.71,116414.5929024687,108727.24089204955,112467.54664870676,112590.96393649226,124063.18314017626,8892.333947525654
2014-03-20,111429.2305142888,0.0,1.4430180332868776,175,2014,3,20,3,5.7658889844986465,0,99.68,115415.95663959433,112649.25887750076,108727.24089204955,112467.54664870676,119330.82824080109,8392.6267704981
2014-03-21,112108.76867441423,0.0,1.4484634084408627,171,2014,3,21,4,5.762174683644537,0,99.97,111429.2305142888,128094.21541768951,112649.25887750076,108727.24089204955,115823.40721016534,8472.146293129052
2014-03-22,122855.9602868514,0.0,1.4967236350151565,238,2014,3,22,5,5.726176888688395,0,99.97,112108.76867441423,133954.4808952201,128094.21541768951,112649.25887750076,123198.54410358531,7822.210355062025
2014-03-23,125641.93472279921,0.0,1.5030056124251971,250,2014,3,23,6,5.669052268904859,0,99.97,122855.9602868514,121071.36622154283,133954.4808952201,128094.21541768951,128438.71906872164,5451.667065548788
2014-03-24,116268.35102822148,0.0,1.4577664965364818,188,2014,3,24,0,5.6360454848170525,0,100.05,125641.93472279921,116414.5929024687,121071.36622154283,133954.4808952201,117153.93213914584,5277.880929529103
2014-03-25,111842.02660606567,0.0,1.4467796460349587,176,2014,3,25,1,5.604622367796223,0,99.66,116268.35102822148,115415.95663959433,116414.5929024687,121071.36622154283,112590.96393649226,5655.289435127514
2014-03-26,110446.52299627336,0.0,1.4346421775627263,178,2014,3,26,2,5.570471940054112,0,100.61,111842.02660606567,111429.2305142888,115415.95663959433,116414.5929024687,112467.54664870676,6109.059992331833
2014-03-27,109458.01222959816,0.0,1.4305857462621876,180,2014,3,27,3,5.556925537701858,0,101.25,110446.52299627336,112108.76867441423,111429.2305142888,115415.95663959433,108727.24089204955,6383.33388225641
2014-03-28,110245.8511065142,0.0,1.440577813778994,171,2014,3,28,4,5.544123388330654,0,101.73,109458.01222959816,122855.9602868514,112108.76867441423,111429.2305142888,112649.25887750076,6584.783845267426
2014-03-29,125301.91124575851,0.0,1.5152440282168778,225,2014,3,29,5,5.560932199450442,0,101.73,110245.8511065142,125641.93472279921,122855.9602868514,112108.76867441423,128094.21541768951,7100.3032595017785
2014-03-30,126264.9736748606,0.0,1.511714649505709,241,2014,3,30,6,5.565213783276699,0,101.73,125301.91124575851,116268.35102822148,125641.93472279921,122855.9602868514,133954.4808952201,7249.491639836998
2014-03-31,119613.02825507622,0.0,1.482613385748416,209,2014,3,31,0,5.588198728072149,0,101.56999999999998,126264.9736748606,111842.02660606567,116268.35102822148,125641.93472279921,121071.36622154283,7402.595919574741
